fetched_at,sp500,sp500_chg_pct,sp500_time,dow,dow_chg_pct,dow_time,nasdaq,nasdaq_chg_pct,nasdaq_time,nikkei,nikkei_chg_pct,nikkei_time,hang_seng,hang_seng_chg_pct,hang_seng_time,ftse,ftse_chg_pct,ftse_time,crude_brent,crude_brent_chg_pct,crude_brent_time,usd_inr,usd_inr_chg_pct,usd_inr_time,us_vix,us_vix_chg_pct,us_vix_time,nifty_spot,nifty_spot_chg_pct,nifty_spot_time,dxy,dxy_chg_pct,dxy_time,us_10y_yield,us_10y_yield_chg_pct,us_10y_yield_time
2026-04-28 17:31:18 IST,7174.0098,-0.02,2026-04-27 19:59:00+00:00,49172.8906,-0.02,2026-04-27 19:59:00+00:00,24884.5859,-0.019,2026-04-27 19:59:00+00:00,59832.5781,0.0,2026-04-28 06:29:00+00:00,25679.7793,-0.075,2026-04-28 08:08:00+00:00,10326.9902,-0.025,2026-04-28 11:46:00+00:00,105.65,0.066,2026-04-28 11:51:00+00:00,94.52,0.0,2026-04-28 10:02:00+00:00,18.97,0.106,2026-04-28 11:46:00+00:00,24016.5,0.022,2026-04-28 09:59:00+00:00,98.844,-0.001,2026-04-28 11:51:00+00:00,4.336,0.0,2026-04-27 18:59:00+00:00
2026-04-28 17:45:45 IST,7174.0098,-0.02,2026-04-27 19:59:00+00:00,49172.8906,-0.02,2026-04-27 19:59:00+00:00,24884.5859,-0.019,2026-04-27 19:59:00+00:00,59832.5781,0.0,2026-04-28 06:29:00+00:00,25679.7793,-0.075,2026-04-28 08:08:00+00:00,10316.9697,-0.009,2026-04-28 12:00:00+00:00,105.18,-0.142,2026-04-28 12:05:00+00:00,94.52,0.0,2026-04-28 10:02:00+00:00,19.24,0.156,2026-04-28 12:00:00+00:00,24016.5,0.022,2026-04-28 09:59:00+00:00,98.849,-0.014,2026-04-28 12:05:00+00:00,4.336,0.0,2026-04-27 18:59:00+00:00
2026-04-28 18:01:22 IST,7174.0098,-0.02,2026-04-27 19:59:00+00:00,49172.8906,-0.02,2026-04-27 19:59:00+00:00,24884.5859,-0.019,2026-04-27 19:59:00+00:00,59832.5781,0.0,2026-04-28 06:29:00+00:00,25679.7793,-0.075,2026-04-28 08:08:00+00:00,10322.0,-0.012,2026-04-28 12:16:00+00:00,104.18,0.221,2026-04-28 12:21:00+00:00,94.65,0.138,2026-04-28 12:17:00+00:00,19.27,0.0,2026-04-28 12:16:00+00:00,24016.5,0.022,2026-04-28 09:59:00+00:00,98.805,0.016,2026-04-28 12:21:00+00:00,4.336,0.0,2026-04-27 18:59:00+00:00
2026-04-28 18:15:48 IST,7174.0098,-0.02,2026-04-27 19:59:00+00:00,49172.8906,-0.02,2026-04-27 19:59:00+00:00,24884.5859,-0.019,2026-04-27 19:59:00+00:00,59832.5781,0.0,2026-04-28 06:29:00+00:00,25679.7793,-0.075,2026-04-28 08:08:00+00:00,10305.9199,-0.026,2026-04-28 12:30:00+00:00,104.6,-0.048,2026-04-28 12:35:00+00:00,94.65,0.138,2026-04-28 12:17:00+00:00,19.37,0.0,2026-04-28 12:30:00+00:00,24016.5,0.022,2026-04-28 09:59:00+00:00,98.757,-0.026,2026-04-28 12:35:00+00:00,4.37,-0.023,2026-04-28 12:30:00+00:00
2026-04-28 18:31:21 IST,7174.0098,-0.02,2026-04-27 19:59:00+00:00,49172.8906,-0.02,2026-04-27 19:59:00+00:00,24884.5859,-0.019,2026-04-27 19:59:00+00:00,59832.5781,0.0,2026-04-28 06:29:00+00:00,25679.7793,-0.075,2026-04-28 08:08:00+00:00,10319.54,0.029,2026-04-28 12:46:00+00:00,104.23,0.058,2026-04-28 12:50:00+00:00,94.52,-0.137,2026-04-28 12:51:00+00:00,19.25,-0.104,2026-04-28 12:46:00+00:00,24016.5,0.022,2026-04-28 09:59:00+00:00,98.698,0.001,2026-04-28 12:51:00+00:00,4.374,0.0,2026-04-28 12:46:00+00:00
2026-04-28 18:45:52 IST,7174.0098,-0.02,2026-04-27 19:59:00+00:00,49172.8906,-0.02,2026-04-27 19:59:00+00:00,24884.5859,-0.019,2026-04-27 19:59:00+00:00,59832.5781,0.0,2026-04-28 06:29:00+00:00,25679.7793,-0.075,2026-04-28 08:08:00+00:00,10328.4805,-0.006,2026-04-28 13:00:00+00:00,104.51,0.01,2026-04-28 13:05:00+00:00,94.52,-0.137,2026-04-28 12:51:00+00:00,18.97,-0.053,2026-04-28 13:00:00+00:00,24016.5,0.022,2026-04-28 09:59:00+00:00,98.72,-0.003,2026-04-28 13:05:00+00:00,4.357,-0.046,2026-04-28 13:00:00+00:00
2026-04-28 19:01:12 IST,7131.0801,-0.001,2026-04-28 13:31:00+00:00,49292.2812,0.243,2026-04-28 13:30:00+00:00,24574.3398,-0.024,2026-04-28 13:31:00+00:00,59832.5781,0.0,2026-04-28 06:29:00+00:00,25679.7793,-0.075,2026-04-28 08:08:00+00:00,10309.5303,-0.007,2026-04-28 13:16:00+00:00,104.53,-0.191,2026-04-28 13:20:00+00:00,94.52,-0.137,2026-04-28 12:51:00+00:00,19.09,0.052,2026-04-28 13:16:00+00:00,24016.5,0.022,2026-04-28 09:59:00+00:00,98.779,0.005,2026-04-28 13:21:00+00:00,4.365,0.0,2026-04-28 13:16:00+00:00
2026-04-28 19:15:49 IST,7146.7998,-0.011,2026-04-28 13:45:00+00:00,49314.1797,0.015,2026-04-28 13:45:00+00:00,24689.2109,-0.032,2026-04-28 13:45:00+00:00,59832.5781,0.0,2026-04-28 06:29:00+00:00,25679.7793,-0.075,2026-04-28 08:08:00+00:00,10304.8701,-0.049,2026-04-28 13:30:00+00:00,103.77,-0.432,2026-04-28 13:35:00+00:00,94.52,0.0,2026-04-28 13:33:00+00:00,18.98,0.0,2026-04-28 13:25:00+00:00,24016.5,0.022,2026-04-28 09:59:00+00:00,98.695,-0.03,2026-04-28 13:35:00+00:00,4.364,0.161,2026-04-28 13:30:00+00:00
2026-04-28 19:31:27 IST,7139.2002,0.015,2026-04-28 14:01:00+00:00,49188.5391,-0.017,2026-04-28 14:01:00+00:00,24692.4434,0.027,2026-04-28 14:01:00+00:00,59832.5781,0.0,2026-04-28 06:29:00+00:00,25679.7793,-0.075,2026-04-28 08:08:00+00:00,10318.71,0.008,2026-04-28 13:46:00+00:00,103.66,0.019,2026-04-28 13:51:00+00:00,94.52,0.0,2026-04-28 13:33:00+00:00,18.63,0.107,2026-04-28 13:46:00+00:00,24016.5,0.022,2026-04-28 09:59:00+00:00,98.702,-0.001,2026-04-28 13:51:00+00:00,4.356,0.0,2026-04-28 13:46:00+00:00
2026-04-28 19:45:54 IST,7139.9302,-0.01,2026-04-28 14:14:00+00:00,49094.25,-0.055,2026-04-28 14:15:00+00:00,24703.1543,0.009,2026-04-28 14:15:00+00:00,59832.5781,0.0,2026-04-28 06:29:00+00:00,25679.7793,-0.075,2026-04-28 08:08:00+00:00,10306.3604,-0.015,2026-04-28 14:00:00+00:00,104.35,-0.029,2026-04-28 14:05:00+00:00,94.52,0.0,2026-04-28 13:33:00+00:00,18.73,0.268,2026-04-28 14:00:00+00:00,24016.5,0.022,2026-04-28 09:59:00+00:00,98.738,-0.013,2026-04-28 14:05:00+00:00,4.362,0.069,2026-04-28 14:00:00+00:00
2026-04-28 20:01:07 IST,7135.5698,-0.011,2026-04-28 14:31:00+00:00,49150.9805,-0.005,2026-04-28 14:31:00+00:00,24676.4688,-0.011,2026-04-28 14:31:00+00:00,59832.5781,0.0,2026-04-28 06:29:00+00:00,25679.7793,-0.075,2026-04-28 08:08:00+00:00,10306.1201,-0.008,2026-04-28 14:16:00+00:00,104.52,-0.096,2026-04-28 14:20:00+00:00,94.52,0.0,2026-04-28 14:26:00+00:00,18.63,0.0,2026-04-28 14:16:00+00:00,24016.5,0.022,2026-04-28 09:59:00+00:00,98.727,0.004,2026-04-28 14:21:00+00:00,4.37,0.046,2026-04-28 14:16:00+00:00
2026-04-28 20:15:51 IST,7123.6401,-0.056,2026-04-28 14:45:00+00:00,49138.0391,-0.045,2026-04-28 14:45:00+00:00,24599.4766,-0.049,2026-04-28 14:45:00+00:00,59832.5781,0.0,2026-04-28 06:29:00+00:00,25679.7793,-0.075,2026-04-28 08:08:00+00:00,10309.0,-0.036,2026-04-28 14:30:00+00:00,104.46,-0.048,2026-04-28 14:35:00+00:00,94.52,0.0,2026-04-28 14:27:00+00:00,18.51,0.0,2026-04-28 14:30:00+00:00,24016.5,0.022,2026-04-28 09:59:00+00:00,98.703,-0.009,2026-04-28 14:35:00+00:00,4.364,-0.023,2026-04-28 14:30:00+00:00
2026-04-28 20:31:22 IST,7131.1099,0.044,2026-04-28 15:00:00+00:00,49219.8516,0.023,2026-04-28 15:01:00+00:00,24615.7363,0.035,2026-04-28 15:01:00+00:00,59832.5781,0.0,2026-04-28 06:29:00+00:00,25679.7793,-0.075,2026-04-28 08:08:00+00:00,10295.9502,-0.002,2026-04-28 14:46:00+00:00,104.72,0.01,2026-04-28 14:51:00+00:00,94.52,0.0,2026-04-28 14:27:00+00:00,18.71,0.376,2026-04-28 14:46:00+00:00,24016.5,0.022,2026-04-28 09:59:00+00:00,98.77,0.007,2026-04-28 14:51:00+00:00,4.37,0.0,2026-04-28 14:46:00+00:00
2026-04-28 20:46:02 IST,7125.6802,-0.007,2026-04-28 15:16:00+00:00,49195.8711,-0.002,2026-04-28 15:16:00+00:00,24590.7246,-0.064,2026-04-28 15:15:00+00:00,59832.5781,0.0,2026-04-28 06:29:00+00:00,25679.7793,-0.075,2026-04-28 08:08:00+00:00,10321.2197,0.021,2026-04-28 15:01:00+00:00,103.83,0.222,2026-04-28 15:06:00+00:00,94.52,0.0,2026-04-28 15:01:00+00:00,18.41,-0.648,2026-04-28 15:00:00+00:00,24016.5,0.022,2026-04-28 09:59:00+00:00,98.675,-0.003,2026-04-28 15:06:00+00:00,4.357,-0.16,2026-04-28 15:00:00+00:00
2026-04-28 21:01:10 IST,7118.9302,-0.021,2026-04-28 15:31:00+00:00,49208.5391,-0.011,2026-04-28 15:31:00+00:00,24547.7031,-0.035,2026-04-28 15:30:00+00:00,59832.5781,0.0,2026-04-28 06:29:00+00:00,25679.7793,-0.075,2026-04-28 08:08:00+00:00,10326.2998,-0.006,2026-04-28 15:15:00+00:00,104.09,0.058,2026-04-28 15:21:00+00:00,94.52,0.0,2026-04-28 15:01:00+00:00,18.46,0.108,2026-04-28 15:16:00+00:00,24016.5,0.022,2026-04-28 09:59:00+00:00,98.678,0.004,2026-04-28 15:21:00+00:00,4.357,0.0,2026-04-28 15:16:00+00:00
2026-04-28 21:15:59 IST,7120.8599,-0.002,2026-04-28 15:45:00+00:00,49216.7188,-0.012,2026-04-28 15:45:00+00:00,24545.75,-0.002,2026-04-28 15:45:00+00:00,59832.5781,0.0,2026-04-28 06:29:00+00:00,25679.7793,-0.075,2026-04-28 08:08:00+00:00,10333.0596,0.005,2026-04-28 15:28:00+00:00,104.26,0.01,2026-04-28 15:35:00+00:00,94.52,0.0,2026-04-28 15:01:00+00:00,18.6,0.27,2026-04-28 15:30:00+00:00,24016.5,0.022,2026-04-28 09:59:00+00:00,98.657,-0.006,2026-04-28 15:35:00+00:00,4.357,0.0,2026-04-28 15:30:00+00:00
2026-04-28 21:31:19 IST,7122.2798,0.002,2026-04-28 16:01:00+00:00,49244.5391,0.013,2026-04-28 16:01:00+00:00,24553.5391,-0.007,2026-04-28 16:01:00+00:00,59832.5781,0.0,2026-04-28 06:29:00+00:00,25679.7793,-0.075,2026-04-28 08:08:00+00:00,10332.5703,-0.005,2026-04-28 15:29:00+00:00,104.19,-0.029,2026-04-28 15:51:00+00:00,94.52,0.0,2026-04-28 15:49:00+00:00,18.62,0.161,2026-04-28 15:46:00+00:00,24016.5,0.022,2026-04-28 09:59:00+00:00,98.629,0.0,2026-04-28 15:51:00+00:00,4.364,0.046,2026-04-28 15:46:00+00:00
2026-04-28 21:45:47 IST,7126.1401,-0.021,2026-04-28 16:15:00+00:00,49277.8281,-0.017,2026-04-28 16:15:00+00:00,24564.1562,-0.024,2026-04-28 16:15:00+00:00,59832.5781,0.0,2026-04-28 06:29:00+00:00,25679.7793,-0.075,2026-04-28 08:08:00+00:00,10332.5703,-0.005,2026-04-28 15:29:00+00:00,104.28,0.077,2026-04-28 16:05:00+00:00,94.52,0.0,2026-04-28 15:49:00+00:00,18.63,0.107,2026-04-28 16:00:00+00:00,24016.5,0.022,2026-04-28 09:59:00+00:00,98.607,-0.007,2026-04-28 16:05:00+00:00,4.359,0.0,2026-04-28 16:00:00+00:00
2026-04-28 22:01:19 IST,7126.52,-0.012,2026-04-28 16:31:00+00:00,49263.0898,-0.001,2026-04-28 16:31:00+00:00,24578.3789,0.019,2026-04-28 16:30:00+00:00,59832.5781,0.0,2026-04-28 06:29:00+00:00,25679.7793,-0.075,2026-04-28 08:08:00+00:00,10332.5703,-0.005,2026-04-28 15:29:00+00:00,104.16,0.019,2026-04-28 16:21:00+00:00,94.52,0.0,2026-04-28 15:49:00+00:00,18.54,0.054,2026-04-28 16:16:00+00:00,24016.5,0.022,2026-04-28 09:59:00+00:00,98.645,-0.003,2026-04-28 16:21:00+00:00,4.359,0.0,2026-04-28 16:16:00+00:00
2026-04-28 22:15:53 IST,7119.9502,0.018,2026-04-28 16:45:00+00:00,49192.3086,-0.005,2026-04-28 16:45:00+00:00,24562.1426,0.038,2026-04-28 16:45:00+00:00,59832.5781,0.0,2026-04-28 06:29:00+00:00,25679.7793,-0.075,2026-04-28 08:08:00+00:00,10332.5703,-0.005,2026-04-28 15:29:00+00:00,103.9,0.0,2026-04-28 16:35:00+00:00,94.54,0.021,2026-04-28 16:43:00+00:00,18.49,-0.054,2026-04-28 16:30:00+00:00,24016.5,0.022,2026-04-28 09:59:00+00:00,98.673,-0.005,2026-04-28 16:35:00+00:00,4.359,-0.069,2026-04-28 16:30:00+00:00
2026-04-28 22:31:20 IST,7124.6001,-0.015,2026-04-28 17:01:00+00:00,49189.9219,-0.007,2026-04-28 17:01:00+00:00,24589.6914,-0.018,2026-04-28 17:01:00+00:00,59832.5781,0.0,2026-04-28 06:29:00+00:00,25679.7793,-0.075,2026-04-28 08:08:00+00:00,10332.5703,-0.005,2026-04-28 15:29:00+00:00,103.65,0.106,2026-04-28 16:51:00+00:00,94.52,-0.021,2026-04-28 16:58:00+00:00,18.6,-0.268,2026-04-28 16:46:00+00:00,24016.5,0.022,2026-04-28 09:59:00+00:00,98.66,0.001,2026-04-28 16:51:00+00:00,4.357,0.0,2026-04-28 16:46:00+00:00
2026-04-28 22:45:49 IST,7122.3398,-0.005,2026-04-28 17:15:00+00:00,49182.7891,0.001,2026-04-28 17:15:00+00:00,24565.5645,-0.014,2026-04-28 17:15:00+00:00,59832.5781,0.0,2026-04-28 06:29:00+00:00,25679.7793,-0.075,2026-04-28 08:08:00+00:00,10332.5703,-0.005,2026-04-28 15:29:00+00:00,103.77,0.039,2026-04-28 17:05:00+00:00,94.52,-0.021,2026-04-28 16:58:00+00:00,18.5,-0.108,2026-04-28 17:00:00+00:00,24016.5,0.022,2026-04-28 09:59:00+00:00,98.66,0.0,2026-04-28 17:05:00+00:00,4.357,-0.046,2026-04-28 17:00:00+00:00
2026-04-28 23:01:34 IST,7126.0698,-0.002,2026-04-28 17:31:00+00:00,49172.8984,-0.002,2026-04-28 17:31:00+00:00,24590.6211,-0.006,2026-04-28 17:31:00+00:00,59832.5781,0.0,2026-04-28 06:29:00+00:00,25679.7793,-0.075,2026-04-28 08:08:00+00:00,10332.5703,-0.005,2026-04-28 15:29:00+00:00,104.21,-0.01,2026-04-28 17:21:00+00:00,94.52,-0.021,2026-04-28 16:58:00+00:00,18.5,-0.054,2026-04-28 17:16:00+00:00,24016.5,0.022,2026-04-28 09:59:00+00:00,98.672,0.002,2026-04-28 17:21:00+00:00,4.364,0.046,2026-04-28 17:16:00+00:00
2026-04-28 23:15:57 IST,7130.8599,0.001,2026-04-28 17:44:00+00:00,49204.6719,-0.002,2026-04-28 17:45:00+00:00,24613.2461,0.024,2026-04-28 17:45:00+00:00,59832.5781,0.0,2026-04-28 06:29:00+00:00,25679.7793,-0.075,2026-04-28 08:08:00+00:00,10332.5703,-0.005,2026-04-28 15:29:00+00:00,104.17,0.01,2026-04-28 17:35:00+00:00,94.52,-0.021,2026-04-28 16:58:00+00:00,18.41,-0.217,2026-04-28 17:30:00+00:00,24016.5,0.022,2026-04-28 09:59:00+00:00,98.623,-0.009,2026-04-28 17:35:00+00:00,4.362,0.0,2026-04-28 17:30:00+00:00
2026-04-28 23:31:13 IST,7133.3599,-0.007,2026-04-28 18:01:00+00:00,49173.4609,0.002,2026-04-28 18:01:00+00:00,24626.6523,-0.011,2026-04-28 18:01:00+00:00,59832.5781,0.0,2026-04-28 06:29:00+00:00,25679.7793,-0.075,2026-04-28 08:08:00+00:00,10332.5703,-0.005,2026-04-28 15:29:00+00:00,104.01,0.058,2026-04-28 17:50:00+00:00,94.52,-0.021,2026-04-28 16:58:00+00:00,18.26,-0.055,2026-04-28 17:46:00+00:00,24016.5,0.022,2026-04-28 09:59:00+00:00,98.609,0.008,2026-04-28 17:51:00+00:00,4.359,0.046,2026-04-28 17:46:00+00:00
2026-04-28 23:45:52 IST,7134.9302,0.014,2026-04-28 18:15:00+00:00,49150.2617,0.001,2026-04-28 18:15:00+00:00,24636.0664,0.012,2026-04-28 18:15:00+00:00,59832.5781,0.0,2026-04-28 06:29:00+00:00,25679.7793,-0.075,2026-04-28 08:08:00+00:00,10332.5703,-0.005,2026-04-28 15:29:00+00:00,104.24,-0.048,2026-04-28 18:05:00+00:00,94.52,0.0,2026-04-28 18:15:00+00:00,18.26,-0.055,2026-04-28 18:00:00+00:00,24016.5,0.022,2026-04-28 09:59:00+00:00,98.627,0.0,2026-04-28 18:05:00+00:00,4.359,0.0,2026-04-28 18:00:00+00:00
2026-04-29 00:01:08 IST,7136.4199,-0.006,2026-04-28 18:31:00+00:00,49119.3516,-0.002,2026-04-28 18:31:00+00:00,24664.4805,-0.002,2026-04-28 18:31:00+00:00,59832.5781,0.0,2026-04-28 06:29:00+00:00,25679.7793,-0.075,2026-04-28 08:08:00+00:00,10332.5703,-0.005,2026-04-28 15:29:00+00:00,104.32,0.038,2026-04-28 18:21:00+00:00,94.52,0.0,2026-04-28 18:28:00+00:00,18.25,-0.055,2026-04-28 18:16:00+00:00,24016.5,0.022,2026-04-28 09:59:00+00:00,98.621,0.0,2026-04-28 18:21:00+00:00,4.357,0.0,2026-04-28 18:16:00+00:00
2026-04-29 00:15:56 IST,7136.3398,-0.014,2026-04-28 18:45:00+00:00,49127.5898,-0.004,2026-04-28 18:45:00+00:00,24664.7852,-0.017,2026-04-28 18:45:00+00:00,59832.5781,0.0,2026-04-28 06:29:00+00:00,25679.7793,-0.075,2026-04-28 08:08:00+00:00,10332.5703,-0.005,2026-04-28 15:29:00+00:00,104.66,0.115,2026-04-28 18:35:00+00:00,94.52,0.0,2026-04-28 18:28:00+00:00,18.17,0.0,2026-04-28 18:30:00+00:00,24016.5,0.022,2026-04-28 09:59:00+00:00,98.623,0.0,2026-04-28 18:35:00+00:00,4.357,0.0,2026-04-28 18:30:00+00:00
2026-04-29 17:31:18 IST,7139.2402,-0.034,2026-04-28 19:59:00+00:00,49145.6016,-0.03,2026-04-28 19:59:00+00:00,24664.7266,-0.047,2026-04-28 19:59:00+00:00,59832.5781,0.0,2026-04-28 06:29:00+00:00,26111.8398,0.019,2026-04-29 08:09:00+00:00,10248.6904,-0.024,2026-04-29 11:46:00+00:00,107.5,-0.037,2026-04-29 11:51:00+00:00,94.84,0.021,2026-04-29 12:00:00+00:00,17.96,-0.056,2026-04-29 11:46:00+00:00,24163.5996,0.01,2026-04-29 09:59:00+00:00,98.704,0.001,2026-04-29 11:51:00+00:00,4.354,0.069,2026-04-28 18:59:00+00:00
2026-04-29 17:45:54 IST,7139.2402,-0.034,2026-04-28 19:59:00+00:00,49145.6016,-0.03,2026-04-28 19:59:00+00:00,24664.7266,-0.047,2026-04-28 19:59:00+00:00,59832.5781,0.0,2026-04-28 06:29:00+00:00,26111.8398,0.019,2026-04-29 08:09:00+00:00,10248.1602,-0.01,2026-04-29 12:00:00+00:00,107.51,-0.019,2026-04-29 12:05:00+00:00,94.82,0.0,2026-04-29 12:10:00+00:00,17.99,0.056,2026-04-29 12:00:00+00:00,24163.5996,0.01,2026-04-29 09:59:00+00:00,98.678,-0.013,2026-04-29 12:05:00+00:00,4.354,0.069,2026-04-28 18:59:00+00:00
2026-04-29 18:01:07 IST,7139.2402,-0.034,2026-04-28 19:59:00+00:00,49145.6016,-0.03,2026-04-28 19:59:00+00:00,24664.7266,-0.047,2026-04-28 19:59:00+00:00,59832.5781,0.0,2026-04-28 06:29:00+00:00,26111.8398,0.019,2026-04-29 08:09:00+00:00,10244.1797,0.003,2026-04-29 12:16:00+00:00,107.55,0.0,2026-04-29 12:20:00+00:00,94.82,0.0,2026-04-29 12:10:00+00:00,18.02,-0.055,2026-04-29 12:16:00+00:00,24163.5996,0.01,2026-04-29 09:59:00+00:00,98.67,-0.005,2026-04-29 12:21:00+00:00,4.354,0.069,2026-04-28 18:59:00+00:00
2026-04-29 18:15:50 IST,7139.2402,-0.034,2026-04-28 19:59:00+00:00,49145.6016,-0.03,2026-04-28 19:59:00+00:00,24664.7266,-0.047,2026-04-28 19:59:00+00:00,59832.5781,0.0,2026-04-28 06:29:00+00:00,26111.8398,0.019,2026-04-29 08:09:00+00:00,10235.5596,-0.048,2026-04-29 12:30:00+00:00,108.18,-0.138,2026-04-29 12:35:00+00:00,94.82,0.0,2026-04-29 12:10:00+00:00,18.09,0.388,2026-04-29 12:30:00+00:00,24163.5996,0.01,2026-04-29 09:59:00+00:00,98.702,-0.009,2026-04-29 12:35:00+00:00,4.368,0.092,2026-04-29 12:30:00+00:00
2026-04-29 18:31:21 IST,7139.2402,-0.034,2026-04-28 19:59:00+00:00,49145.6016,-0.03,2026-04-28 19:59:00+00:00,24664.7266,-0.047,2026-04-28 19:59:00+00:00,59832.5781,0.0,2026-04-28 06:29:00+00:00,26111.8398,0.019,2026-04-29 08:09:00+00:00,10236.6201,0.009,2026-04-29 12:46:00+00:00,108.29,-0.037,2026-04-29 12:51:00+00:00,94.82,0.0,2026-04-29 12:10:00+00:00,18.04,0.0,2026-04-29 12:46:00+00:00,24163.5996,0.01,2026-04-29 09:59:00+00:00,98.748,-0.002,2026-04-29 12:51:00+00:00,4.37,0.0,2026-04-29 12:46:00+00:00
2026-04-29 18:45:48 IST,7139.2402,-0.034,2026-04-28 19:59:00+00:00,49145.6016,-0.03,2026-04-28 19:59:00+00:00,24664.7266,-0.047,2026-04-28 19:59:00+00:00,59832.5781,0.0,2026-04-28 06:29:00+00:00,26111.8398,0.019,2026-04-29 08:09:00+00:00,10260.5996,0.04,2026-04-29 13:00:00+00:00,108.1,0.0,2026-04-29 13:05:00+00:00,94.82,0.0,2026-04-29 13:14:00+00:00,18.04,-0.111,2026-04-29 13:00:00+00:00,24163.5996,0.01,2026-04-29 09:59:00+00:00,98.722,-0.013,2026-04-29 13:05:00+00:00,4.368,-0.046,2026-04-29 13:00:00+00:00
2026-04-29 19:00:58 IST,7128.4199,-0.152,2026-04-29 13:30:00+00:00,49110.8203,-0.071,2026-04-29 13:30:00+00:00,24561.0742,-0.42,2026-04-29 13:30:00+00:00,59832.5781,0.0,2026-04-28 06:29:00+00:00,26111.8398,0.019,2026-04-29 08:09:00+00:00,10250.4102,0.003,2026-04-29 13:15:00+00:00,108.76,0.11,2026-04-29 13:20:00+00:00,94.82,0.0,2026-04-29 13:14:00+00:00,18.05,-0.055,2026-04-29 13:15:00+00:00,24163.5996,0.01,2026-04-29 09:59:00+00:00,98.8,0.011,2026-04-29 13:20:00+00:00,4.374,0.0,2026-04-29 13:15:00+00:00
2026-04-29 19:15:42 IST,7123.6001,-0.018,2026-04-29 13:44:00+00:00,48884.5312,-0.124,2026-04-29 13:44:00+00:00,24582.5488,-0.076,2026-04-29 13:45:00+00:00,59832.5781,0.0,2026-04-28 06:29:00+00:00,26111.8398,0.019,2026-04-29 08:09:00+00:00,10235.2695,0.022,2026-04-29 13:30:00+00:00,109.51,-0.119,2026-04-29 13:35:00+00:00,94.82,0.0,2026-04-29 13:14:00+00:00,18.17,-0.11,2026-04-29 13:25:00+00:00,24163.5996,0.01,2026-04-29 09:59:00+00:00,98.872,0.002,2026-04-29 13:35:00+00:00,4.388,0.046,2026-04-29 13:30:00+00:00
2026-04-29 19:31:12 IST,7126.9902,0.003,2026-04-29 14:01:00+00:00,48910.1484,0.014,2026-04-29 14:01:00+00:00,24617.4219,0.001,2026-04-29 14:01:00+00:00,59832.5781,0.0,2026-04-28 06:29:00+00:00,26111.8398,0.019,2026-04-29 08:09:00+00:00,10212.5898,0.001,2026-04-29 13:46:00+00:00,109.6,0.073,2026-04-29 13:51:00+00:00,94.82,0.0,2026-04-29 13:14:00+00:00,18.44,-0.054,2026-04-29 13:46:00+00:00,24163.5996,0.01,2026-04-29 09:59:00+00:00,98.872,0.003,2026-04-29 13:51:00+00:00,4.392,0.046,2026-04-29 13:46:00+00:00
2026-04-29 19:45:53 IST,7135.1201,-0.008,2026-04-29 14:15:00+00:00,48997.3594,0.026,2026-04-29 14:15:00+00:00,24632.4941,-0.036,2026-04-29 14:15:00+00:00,59832.5781,0.0,2026-04-28 06:29:00+00:00,26111.8398,0.019,2026-04-29 08:09:00+00:00,10211.2695,-0.025,2026-04-29 14:00:00+00:00,109.42,-0.027,2026-04-29 14:05:00+00:00,94.82,0.0,2026-04-29 13:14:00+00:00,18.2,0.331,2026-04-29 14:00:00+00:00,24163.5996,0.01,2026-04-29 09:59:00+00:00,98.891,0.001,2026-04-29 14:05:00+00:00,4.402,0.045,2026-04-29 14:00:00+00:00
2026-04-29 20:01:00 IST,7137.8999,-0.002,2026-04-29 14:31:00+00:00,48960.6211,0.026,2026-04-29 14:30:00+00:00,24672.7207,-0.048,2026-04-29 14:30:00+00:00,59832.5781,0.0,2026-04-28 06:29:00+00:00,26111.8398,0.019,2026-04-29 08:09:00+00:00,10222.0898,0.0,2026-04-29 14:16:00+00:00,109.43,0.064,2026-04-29 14:20:00+00:00,94.82,0.0,2026-04-29 13:14:00+00:00,18.07,0.0,2026-04-29 14:15:00+00:00,24163.5996,0.01,2026-04-29 09:59:00+00:00,98.818,0.001,2026-04-29 14:21:00+00:00,4.392,0.0,2026-04-29 14:15:00+00:00
2026-04-29 20:15:46 IST,7141.1299,-0.017,2026-04-29 14:45:00+00:00,48918.0312,-0.012,2026-04-29 14:45:00+00:00,24711.4277,0.004,2026-04-29 14:45:00+00:00,59832.5781,0.0,2026-04-28 06:29:00+00:00,26111.8398,0.019,2026-04-29 08:09:00+00:00,10206.9404,0.003,2026-04-29 14:30:00+00:00,109.23,-0.11,2026-04-29 14:35:00+00:00,94.82,0.0,2026-04-29 14:35:00+00:00,18.0,0.111,2026-04-29 14:30:00+00:00,24163.5996,0.01,2026-04-29 09:59:00+00:00,98.798,-0.005,2026-04-29 14:35:00+00:00,4.394,0.0,2026-04-29 14:30:00+00:00
2026-04-29 20:45:57 IST,7127.6499,0.029,2026-04-29 15:15:00+00:00,48850.4805,-0.015,2026-04-29 15:14:00+00:00,24635.3867,0.038,2026-04-29 15:15:00+00:00,59832.5781,0.0,2026-04-28 06:29:00+00:00,26111.8398,0.019,2026-04-29 08:09:00+00:00,10206.0098,0.027,2026-04-29 15:00:00+00:00,109.63,-0.082,2026-04-29 15:05:00+00:00,94.82,0.0,2026-04-29 15:14:00+00:00,18.07,0.0,2026-04-29 15:00:00+00:00,24163.5996,0.01,2026-04-29 09:59:00+00:00,98.764,-0.013,2026-04-29 15:05:00+00:00,4.396,-0.045,2026-04-29 15:00:00+00:00
2026-04-29 21:01:11 IST,7133.9502,0.005,2026-04-29 15:31:00+00:00,48865.5703,0.01,2026-04-29 15:31:00+00:00,24677.4492,0.019,2026-04-29 15:31:00+00:00,59832.5781,0.0,2026-04-28 06:29:00+00:00,26111.8398,0.019,2026-04-29 08:09:00+00:00,10194.5195,0.037,2026-04-29 15:15:00+00:00,109.67,0.046,2026-04-29 15:21:00+00:00,94.82,0.0,2026-04-29 15:14:00+00:00,18.35,-0.109,2026-04-29 15:16:00+00:00,24163.5996,0.01,2026-04-29 09:59:00+00:00,98.805,0.004,2026-04-29 15:21:00+00:00,4.396,0.0,2026-04-29 15:16:00+00:00
2026-04-29 21:15:55 IST,7132.3599,0.048,2026-04-29 15:45:00+00:00,48847.5586,0.059,2026-04-29 15:45:00+00:00,24674.3105,0.05,2026-04-29 15:45:00+00:00,59832.5781,0.0,2026-04-28 06:29:00+00:00,26111.8398,0.019,2026-04-29 08:09:00+00:00,10203.1797,-0.026,2026-04-29 15:28:00+00:00,109.91,0.055,2026-04-29 15:35:00+00:00,94.82,0.0,2026-04-29 15:14:00+00:00,18.18,0.0,2026-04-29 15:30:00+00:00,24163.5996,0.01,2026-04-29 09:59:00+00:00,98.786,-0.01,2026-04-29 15:35:00+00:00,4.398,0.045,2026-04-29 15:30:00+00:00
2026-04-29 21:31:17 IST,7123.46,-0.002,2026-04-29 16:00:00+00:00,48795.8008,0.011,2026-04-29 16:00:00+00:00,24620.625,0.004,2026-04-29 16:01:00+00:00,59832.5781,0.0,2026-04-28 06:29:00+00:00,26111.8398,0.019,2026-04-29 08:09:00+00:00,10208.8896,0.057,2026-04-29 15:29:00+00:00,109.81,0.128,2026-04-29 15:51:00+00:00,94.82,0.0,2026-04-29 15:48:00+00:00,18.22,-0.11,2026-04-29 15:46:00+00:00,24163.5996,0.01,2026-04-29 09:59:00+00:00,98.755,0.017,2026-04-29 15:51:00+00:00,4.392,-0.046,2026-04-29 15:46:00+00:00
2026-04-29 21:45:46 IST,7127.8701,0.028,2026-04-29 16:15:00+00:00,48830.6094,0.029,2026-04-29 16:15:00+00:00,24630.3535,0.024,2026-04-29 16:15:00+00:00,59832.5781,0.0,2026-04-28 06:29:00+00:00,26111.8398,0.019,2026-04-29 08:09:00+00:00,10208.8896,0.057,2026-04-29 15:29:00+00:00,110.36,-0.036,2026-04-29 16:05:00+00:00,94.82,0.0,2026-04-29 16:05:00+00:00,18.49,-0.054,2026-04-29 16:00:00+00:00,24163.5996,0.01,2026-04-29 09:59:00+00:00,98.795,0.003,2026-04-29 16:05:00+00:00,4.398,-0.045,2026-04-29 16:00:00+00:00
2026-04-29 22:00:54 IST,7120.5601,-0.02,2026-04-29 16:29:00+00:00,48821.5703,-0.027,2026-04-29 16:30:00+00:00,24565.5723,-0.047,2026-04-29 16:30:00+00:00,59832.5781,0.0,2026-04-28 06:29:00+00:00,26111.8398,0.019,2026-04-29 08:09:00+00:00,10208.8896,0.057,2026-04-29 15:29:00+00:00,110.71,-0.063,2026-04-29 16:20:00+00:00,94.82,0.0,2026-04-29 16:05:00+00:00,18.45,-0.162,2026-04-29 16:15:00+00:00,24163.5996,0.01,2026-04-29 09:59:00+00:00,98.826,-0.006,2026-04-29 16:20:00+00:00,4.4,-0.045,2026-04-29 16:15:00+00:00
2026-04-29 22:15:48 IST,7120.6699,0.006,2026-04-29 16:44:00+00:00,48837.5,0.002,2026-04-29 16:45:00+00:00,24569.8379,-0.024,2026-04-29 16:45:00+00:00,59832.5781,0.0,2026-04-28 06:29:00+00:00,26111.8398,0.019,2026-04-29 08:09:00+00:00,10208.8896,0.057,2026-04-29 15:29:00+00:00,111.19,0.009,2026-04-29 16:35:00+00:00,94.82,0.0,2026-04-29 16:05:00+00:00,18.73,0.321,2026-04-29 16:30:00+00:00,24163.5996,0.01,2026-04-29 09:59:00+00:00,98.835,0.008,2026-04-29 16:35:00+00:00,4.402,0.0,2026-04-29 16:30:00+00:00
2026-04-29 22:31:12 IST,7118.9902,-0.011,2026-04-29 17:01:00+00:00,48827.9688,-0.019,2026-04-29 17:00:00+00:00,24566.6328,-0.017,2026-04-29 17:01:00+00:00,59832.5781,0.0,2026-04-28 06:29:00+00:00,26111.8398,0.019,2026-04-29 08:09:00+00:00,10208.8896,0.057,2026-04-29 15:29:00+00:00,110.83,-0.063,2026-04-29 16:51:00+00:00,94.82,0.0,2026-04-29 16:05:00+00:00,18.78,-0.053,2026-04-29 16:46:00+00:00,24163.5996,0.01,2026-04-29 09:59:00+00:00,98.856,-0.002,2026-04-29 16:51:00+00:00,4.4,0.0,2026-04-29 16:46:00+00:00
2026-04-29 22:45:43 IST,7118.0698,-0.023,2026-04-29 17:15:00+00:00,48811.0703,0.032,2026-04-29 17:14:00+00:00,24570.5469,-0.036,2026-04-29 17:15:00+00:00,59832.5781,0.0,2026-04-28 06:29:00+00:00,26111.8398,0.019,2026-04-29 08:09:00+00:00,10208.8896,0.057,2026-04-29 15:29:00+00:00,111.13,-0.18,2026-04-29 17:05:00+00:00,94.82,0.0,2026-04-29 16:05:00+00:00,18.79,-0.159,2026-04-29 17:00:00+00:00,24163.5996,0.01,2026-04-29 09:59:00+00:00,98.892,-0.007,2026-04-29 17:05:00+00:00,4.404,0.091,2026-04-29 17:00:00+00:00
2026-04-29 23:00:57 IST,7122.5498,0.008,2026-04-29 17:30:00+00:00,48830.0117,0.011,2026-04-29 17:30:00+00:00,24594.4863,0.015,2026-04-29 17:30:00+00:00,59832.5781,0.0,2026-04-28 06:29:00+00:00,26111.8398,0.019,2026-04-29 08:09:00+00:00,10208.8896,0.057,2026-04-29 15:29:00+00:00,111.0,-0.296,2026-04-29 17:20:00+00:00,94.82,0.0,2026-04-29 16:05:00+00:00,18.82,0.16,2026-04-29 17:15:00+00:00,24163.5996,0.01,2026-04-29 09:59:00+00:00,98.884,-0.003,2026-04-29 17:20:00+00:00,4.404,0.0,2026-04-29 17:15:00+00:00
2026-04-29 23:15:54 IST,7124.21,0.01,2026-04-29 17:45:00+00:00,48812.1719,0.017,2026-04-29 17:45:00+00:00,24601.2891,0.007,2026-04-29 17:45:00+00:00,59832.5781,0.0,2026-04-28 06:29:00+00:00,26111.8398,0.019,2026-04-29 08:09:00+00:00,10208.8896,0.056,2026-04-29 15:29:00+00:00,110.8,0.271,2026-04-29 17:35:00+00:00,94.82,0.0,2026-04-29 16:05:00+00:00,18.64,-0.107,2026-04-29 17:30:00+00:00,24163.5996,0.01,2026-04-29 09:59:00+00:00,98.897,0.015,2026-04-29 17:35:00+00:00,4.404,0.0,2026-04-29 17:30:00+00:00
2026-04-29 23:31:09 IST,7123.04,-0.004,2026-04-29 18:01:00+00:00,48804.9805,-0.011,2026-04-29 18:01:00+00:00,24598.2012,-0.005,2026-04-29 18:01:00+00:00,59832.5781,0.0,2026-04-28 06:29:00+00:00,26111.8398,0.019,2026-04-29 08:09:00+00:00,10208.8896,0.056,2026-04-29 15:29:00+00:00,110.34,0.0,2026-04-29 17:51:00+00:00,94.82,0.0,2026-04-29 16:05:00+00:00,18.55,0.0,2026-04-29 17:46:00+00:00,24163.5996,0.01,2026-04-29 09:59:00+00:00,98.843,-0.007,2026-04-29 17:51:00+00:00,4.398,0.0,2026-04-29 17:46:00+00:00
2026-04-29 23:45:41 IST,7115.0698,0.014,2026-04-29 18:15:00+00:00,48735.6406,-0.002,2026-04-29 18:15:00+00:00,24573.9121,0.028,2026-04-29 18:15:00+00:00,59832.5781,0.0,2026-04-28 06:29:00+00:00,26111.8398,0.019,2026-04-29 08:09:00+00:00,10208.8896,0.057,2026-04-29 15:29:00+00:00,110.62,0.063,2026-04-29 18:05:00+00:00,94.82,0.0,2026-04-29 16:05:00+00:00,18.5,0.108,2026-04-29 18:00:00+00:00,24163.5996,0.01,2026-04-29 09:59:00+00:00,98.912,0.004,2026-04-29 18:05:00+00:00,4.402,0.182,2026-04-29 18:00:00+00:00
2026-04-30 00:00:54 IST,7113.2402,-0.036,2026-04-29 18:30:00+00:00,48758.3594,-0.028,2026-04-29 18:30:00+00:00,24567.375,-0.046,2026-04-29 18:30:00+00:00,59832.5781,0.0,2026-04-28 06:29:00+00:00,26111.8398,0.019,2026-04-29 08:09:00+00:00,10208.8896,0.057,2026-04-29 15:29:00+00:00,110.41,-0.009,2026-04-29 18:20:00+00:00,94.82,0.0,2026-04-29 16:05:00+00:00,18.81,0.0,2026-04-29 18:15:00+00:00,24163.5996,0.01,2026-04-29 09:59:00+00:00,98.893,-0.002,2026-04-29 18:20:00+00:00,4.414,-0.045,2026-04-29 18:15:00+00:00
2026-04-30 00:15:51 IST,7112.2402,0.031,2026-04-29 18:45:00+00:00,48738.5508,0.032,2026-04-29 18:45:00+00:00,24570.8457,0.021,2026-04-29 18:45:00+00:00,59832.5781,0.0,2026-04-28 06:29:00+00:00,26111.8398,0.019,2026-04-29 08:09:00+00:00,10208.8896,0.057,2026-04-29 15:29:00+00:00,110.49,-0.108,2026-04-29 18:35:00+00:00,94.82,0.0,2026-04-29 18:34:00+00:00,18.8,0.32,2026-04-29 18:30:00+00:00,24163.5996,0.01,2026-04-29 09:59:00+00:00,98.931,-0.037,2026-04-29 18:35:00+00:00,4.41,0.0,2026-04-29 18:30:00+00:00
2026-04-30 17:31:19 IST,7137.5601,0.11,2026-04-29 19:59:00+00:00,48869.1602,0.065,2026-04-29 19:59:00+00:00,24679.0605,0.133,2026-04-29 19:59:00+00:00,59111.5508,0.0,2026-04-30 06:29:00+00:00,25776.5293,-0.012,2026-04-30 08:08:00+00:00,10349.5703,0.023,2026-04-30 11:46:00+00:00,101.8,-0.108,2026-04-30 11:49:00+00:00,94.89,0.0,2026-04-30 11:46:00+00:00,18.0,-0.222,2026-04-30 11:46:00+00:00,24043.6992,0.011,2026-04-30 09:59:00+00:00,98.281,0.021,2026-04-30 11:51:00+00:00,4.418,0.0,2026-04-29 18:59:00+00:00
2026-04-30 17:45:55 IST,7137.5601,0.11,2026-04-29 19:59:00+00:00,48869.1602,0.065,2026-04-29 19:59:00+00:00,24679.0605,0.133,2026-04-29 19:59:00+00:00,59111.5508,0.0,2026-04-30 06:29:00+00:00,25776.5293,-0.012,2026-04-30 08:08:00+00:00,10354.7803,-0.007,2026-04-30 12:00:00+00:00,102.24,0.147,2026-04-30 12:05:00+00:00,94.89,0.0,2026-04-30 11:46:00+00:00,18.36,-0.596,2026-04-29 19:59:00+00:00,24043.6992,0.011,2026-04-30 09:59:00+00:00,98.408,0.01,2026-04-30 12:05:00+00:00,4.418,0.0,2026-04-29 18:59:00+00:00
2026-04-30 18:01:04 IST,7137.5601,0.11,2026-04-29 19:59:00+00:00,48869.1602,0.065,2026-04-29 19:59:00+00:00,24679.0605,0.133,2026-04-29 19:59:00+00:00,59111.5508,0.0,2026-04-30 06:29:00+00:00,25776.5293,-0.012,2026-04-30 08:08:00+00:00,10366.3203,0.002,2026-04-30 12:16:00+00:00,102.05,-0.127,2026-04-30 12:20:00+00:00,94.89,0.0,2026-04-30 11:46:00+00:00,17.86,0.056,2026-04-30 12:16:00+00:00,24043.6992,0.011,2026-04-30 09:59:00+00:00,98.435,-0.002,2026-04-30 12:21:00+00:00,4.418,0.0,2026-04-29 18:59:00+00:00
2026-04-30 18:15:51 IST,7137.5601,0.11,2026-04-29 19:59:00+00:00,48869.1602,0.065,2026-04-29 19:59:00+00:00,24679.0605,0.133,2026-04-29 19:59:00+00:00,59111.5508,0.0,2026-04-30 06:29:00+00:00,25776.5293,-0.012,2026-04-30 08:08:00+00:00,10378.1904,-0.011,2026-04-30 12:30:00+00:00,109.71,-0.137,2026-04-30 12:35:00+00:00,94.89,0.0,2026-04-30 11:46:00+00:00,17.81,-0.112,2026-04-30 12:30:00+00:00,24043.6992,0.011,2026-04-30 09:59:00+00:00,98.454,-0.009,2026-04-30 12:35:00+00:00,4.398,-0.045,2026-04-30 12:30:00+00:00
2026-04-30 18:31:12 IST,7137.5601,0.11,2026-04-29 19:59:00+00:00,48869.1602,0.065,2026-04-29 19:59:00+00:00,24679.0605,0.133,2026-04-29 19:59:00+00:00,59111.5508,0.0,2026-04-30 06:29:00+00:00,25776.5293,-0.012,2026-04-30 08:08:00+00:00,10377.6104,0.005,2026-04-30 12:46:00+00:00,109.65,0.082,2026-04-30 12:51:00+00:00,94.89,0.0,2026-04-30 12:54:00+00:00,17.89,-0.056,2026-04-30 12:46:00+00:00,24043.6992,0.011,2026-04-30 09:59:00+00:00,98.478,0.001,2026-04-30 12:51:00+00:00,4.4,-0.045,2026-04-30 12:46:00+00:00
2026-04-30 18:45:54 IST,7137.5601,0.11,2026-04-29 19:59:00+00:00,48869.1602,0.065,2026-04-29 19:59:00+00:00,24679.0605,0.133,2026-04-29 19:59:00+00:00,59111.5508,0.0,2026-04-30 06:29:00+00:00,25776.5293,-0.012,2026-04-30 08:08:00+00:00,10370.4199,0.006,2026-04-30 13:00:00+00:00,108.88,0.037,2026-04-30 13:05:00+00:00,94.89,0.0,2026-04-30 12:54:00+00:00,17.75,-0.169,2026-04-30 13:00:00+00:00,24043.6992,0.011,2026-04-30 09:59:00+00:00,98.461,-0.02,2026-04-30 13:05:00+00:00,4.39,-0.091,2026-04-30 13:00:00+00:00
2026-04-30 19:01:09 IST,7157.8198,-0.053,2026-04-30 13:31:00+00:00,49086.4492,0.445,2026-04-30 13:30:00+00:00,24817.5059,0.007,2026-04-30 13:31:00+00:00,59111.5508,0.0,2026-04-30 06:29:00+00:00,25776.5293,-0.012,2026-04-30 08:08:00+00:00,10368.29,-0.0,2026-04-30 13:16:00+00:00,108.58,0.083,2026-04-30 13:21:00+00:00,94.89,0.0,2026-04-30 12:54:00+00:00,17.73,0.0,2026-04-30 13:16:00+00:00,24043.6992,0.011,2026-04-30 09:59:00+00:00,98.502,0.0,2026-04-30 13:21:00+00:00,4.382,-0.046,2026-04-30 13:16:00+00:00
2026-04-30 19:15:50 IST,7153.8799,0.019,2026-04-30 13:45:00+00:00,49227.3906,0.07,2026-04-30 13:44:00+00:00,24697.6016,-0.013,2026-04-30 13:45:00+00:00,59111.5508,0.0,2026-04-30 06:29:00+00:00,25776.5293,-0.012,2026-04-30 08:08:00+00:00,10354.5,-0.05,2026-04-30 13:30:00+00:00,109.61,0.183,2026-04-30 13:35:00+00:00,94.89,0.0,2026-04-30 12:54:00+00:00,18.36,-0.596,2026-04-29 19:59:00+00:00,24043.6992,0.011,2026-04-30 09:59:00+00:00,98.518,0.017,2026-04-30 13:35:00+00:00,4.384,0.0,2026-04-30 13:30:00+00:00
2026-04-30 19:31:21 IST,7138.9199,0.043,2026-04-30 14:00:00+00:00,49293.8008,0.015,2026-04-30 14:01:00+00:00,24605.0664,0.024,2026-04-30 14:01:00+00:00,59111.5508,0.0,2026-04-30 06:29:00+00:00,25776.5293,-0.012,2026-04-30 08:08:00+00:00,10350.2695,-0.001,2026-04-30 13:46:00+00:00,109.66,-0.073,2026-04-30 13:51:00+00:00,94.89,0.0,2026-04-30 13:49:00+00:00,17.92,-0.111,2026-04-30 13:46:00+00:00,24043.6992,0.011,2026-04-30 09:59:00+00:00,98.461,0.001,2026-04-30 13:51:00+00:00,4.39,0.046,2026-04-30 13:46:00+00:00
2026-04-30 19:45:51 IST,7136.9702,-0.017,2026-04-30 14:15:00+00:00,49289.1719,-0.024,2026-04-30 14:14:00+00:00,24570.6367,-0.084,2026-04-30 14:15:00+00:00,59111.5508,0.0,2026-04-30 06:29:00+00:00,25776.5293,-0.012,2026-04-30 08:08:00+00:00,10361.4697,0.01,2026-04-30 14:00:00+00:00,109.71,-0.091,2026-04-30 14:05:00+00:00,94.89,0.0,2026-04-30 13:49:00+00:00,18.03,-0.277,2026-04-30 14:00:00+00:00,24043.6992,0.011,2026-04-30 09:59:00+00:00,98.43,-0.016,2026-04-30 14:05:00+00:00,4.392,-0.046,2026-04-30 14:00:00+00:00
2026-04-30 20:01:00 IST,7144.1001,0.023,2026-04-30 14:30:00+00:00,49417.0117,-0.0,2026-04-30 14:31:00+00:00,24567.1328,0.055,2026-04-30 14:30:00+00:00,59111.5508,0.0,2026-04-30 06:29:00+00:00,25776.5293,-0.012,2026-04-30 08:08:00+00:00,10358.5703,0.007,2026-04-30 14:15:00+00:00,109.96,0.146,2026-04-30 14:20:00+00:00,94.89,0.0,2026-04-30 13:49:00+00:00,17.95,0.056,2026-04-30 14:15:00+00:00,24043.6992,0.011,2026-04-30 09:59:00+00:00,98.33,-0.007,2026-04-30 14:20:00+00:00,4.394,-0.045,2026-04-30 14:15:00+00:00
2026-04-30 20:15:51 IST,7146.52,0.023,2026-04-30 14:45:00+00:00,49435.5898,0.028,2026-04-30 14:45:00+00:00,24574.5156,0.024,2026-04-30 14:45:00+00:00,59111.5508,0.0,2026-04-30 06:29:00+00:00,25776.5293,-0.012,2026-04-30 08:08:00+00:00,10380.0703,-0.001,2026-04-30 14:30:00+00:00,110.4,0.009,2026-04-30 14:35:00+00:00,94.89,0.0,2026-04-30 13:49:00+00:00,17.68,-0.282,2026-04-30 14:30:00+00:00,24043.6992,0.011,2026-04-30 09:59:00+00:00,98.307,0.005,2026-04-30 14:35:00+00:00,4.39,0.0,2026-04-30 14:30:00+00:00
2026-04-30 20:31:11 IST,7164.9702,0.005,2026-04-30 15:01:00+00:00,49418.8398,-0.0,2026-04-30 15:01:00+00:00,24700.4062,-0.005,2026-04-30 15:01:00+00:00,59111.5508,0.0,2026-04-30 06:29:00+00:00,25776.5293,-0.012,2026-04-30 08:08:00+00:00,10375.2305,0.013,2026-04-30 14:46:00+00:00,110.35,-0.109,2026-04-30 14:51:00+00:00,94.89,0.0,2026-04-30 13:49:00+00:00,17.67,-0.057,2026-04-30 14:46:00+00:00,24043.6992,0.011,2026-04-30 09:59:00+00:00,98.231,-0.01,2026-04-30 14:51:00+00:00,4.392,-0.046,2026-04-30 14:46:00+00:00
2026-04-30 20:45:42 IST,7166.6699,0.03,2026-04-30 15:14:00+00:00,49397.7109,-0.015,2026-04-30 15:14:00+00:00,24732.5,0.028,2026-04-30 15:15:00+00:00,59111.5508,0.0,2026-04-30 06:29:00+00:00,25776.5293,-0.012,2026-04-30 08:08:00+00:00,10370.5801,-0.019,2026-04-30 15:00:00+00:00,110.86,-0.09,2026-04-30 15:05:00+00:00,94.89,0.0,2026-04-30 13:49:00+00:00,17.4,-0.172,2026-04-30 15:00:00+00:00,24043.6992,0.011,2026-04-30 09:59:00+00:00,98.204,0.004,2026-04-30 15:05:00+00:00,4.394,0.046,2026-04-30 15:00:00+00:00
2026-04-30 21:00:56 IST,7169.1499,0.023,2026-04-30 15:30:00+00:00,49493.8203,-0.019,2026-04-30 15:30:00+00:00,24722.8867,0.044,2026-04-30 15:30:00+00:00,59111.5508,0.0,2026-04-30 06:29:00+00:00,25776.5293,-0.012,2026-04-30 08:08:00+00:00,10375.5303,-0.0,2026-04-30 15:14:00+00:00,109.68,-0.018,2026-04-30 15:20:00+00:00,94.89,0.0,2026-04-30 13:49:00+00:00,17.33,-0.115,2026-04-30 15:15:00+00:00,24043.6992,0.011,2026-04-30 09:59:00+00:00,98.169,0.013,2026-04-30 15:20:00+00:00,4.39,0.0,2026-04-30 15:15:00+00:00
2026-04-30 21:15:46 IST,7159.1099,-0.045,2026-04-30 15:45:00+00:00,49491.5781,-0.024,2026-04-30 15:45:00+00:00,24656.668,-0.067,2026-04-30 15:45:00+00:00,59111.5508,0.0,2026-04-30 06:29:00+00:00,25776.5293,-0.012,2026-04-30 08:08:00+00:00,10371.7598,-0.016,2026-04-30 15:29:00+00:00,109.57,-0.027,2026-04-30 15:35:00+00:00,94.89,0.0,2026-04-30 13:49:00+00:00,17.32,0.0,2026-04-30 15:30:00+00:00,24043.6992,0.011,2026-04-30 09:59:00+00:00,98.151,-0.01,2026-04-30 15:35:00+00:00,4.386,-0.046,2026-04-30 15:30:00+00:00
2026-04-30 21:31:19 IST,7168.23,-0.009,2026-04-30 16:01:00+00:00,49585.9102,-0.008,2026-04-30 16:01:00+00:00,24696.1152,-0.013,2026-04-30 16:01:00+00:00,59111.5508,0.0,2026-04-30 06:29:00+00:00,25776.5293,-0.012,2026-04-30 08:08:00+00:00,10371.8496,-0.015,2026-04-30 15:29:00+00:00,109.68,-0.036,2026-04-30 15:51:00+00:00,94.89,0.0,2026-04-30 13:49:00+00:00,17.44,-0.115,2026-04-30 15:46:00+00:00,24043.6992,0.011,2026-04-30 09:59:00+00:00,98.199,0.009,2026-04-30 15:51:00+00:00,4.394,0.0,2026-04-30 15:46:00+00:00
2026-04-30 21:45:40 IST,7175.23,-0.019,2026-04-30 16:15:00+00:00,49588.7891,-0.032,2026-04-30 16:14:00+00:00,24737.7734,-0.018,2026-04-30 16:15:00+00:00,59111.5508,0.0,2026-04-30 06:29:00+00:00,25776.5293,-0.012,2026-04-30 08:08:00+00:00,10371.8496,-0.015,2026-04-30 15:29:00+00:00,109.72,0.055,2026-04-30 16:05:00+00:00,94.89,0.0,2026-04-30 13:49:00+00:00,17.4,0.115,2026-04-30 16:00:00+00:00,24043.6992,0.011,2026-04-30 09:59:00+00:00,98.12,-0.019,2026-04-30 16:05:00+00:00,4.394,0.0,2026-04-30 16:00:00+00:00
2026-04-30 22:00:57 IST,7174.6699,0.017,2026-04-30 16:29:00+00:00,49598.4297,0.019,2026-04-30 16:29:00+00:00,24726.6992,0.022,2026-04-30 16:30:00+00:00,59111.5508,0.0,2026-04-30 06:29:00+00:00,25776.5293,-0.012,2026-04-30 08:08:00+00:00,10371.8496,-0.015,2026-04-30 15:29:00+00:00,109.91,0.036,2026-04-30 16:20:00+00:00,94.89,0.0,2026-04-30 13:49:00+00:00,17.36,0.0,2026-04-30 16:15:00+00:00,24043.6992,0.011,2026-04-30 09:59:00+00:00,98.184,-0.005,2026-04-30 16:20:00+00:00,4.39,0.046,2026-04-30 16:15:00+00:00
2026-04-30 22:15:49 IST,7168.6499,-0.022,2026-04-30 16:45:00+00:00,49557.0,-0.025,2026-04-30 16:45:00+00:00,24696.4883,-0.029,2026-04-30 16:45:00+00:00,59111.5508,0.0,2026-04-30 06:29:00+00:00,25776.5293,-0.012,2026-04-30 08:08:00+00:00,10371.8496,-0.015,2026-04-30 15:29:00+00:00,110.06,-0.027,2026-04-30 16:34:00+00:00,94.89,0.0,2026-04-30 13:49:00+00:00,17.4,-0.172,2026-04-30 16:30:00+00:00,24043.6992,0.011,2026-04-30 09:59:00+00:00,98.191,0.004,2026-04-30 16:35:00+00:00,4.394,0.0,2026-04-30 16:30:00+00:00
2026-04-30 22:31:14 IST,7171.5801,0.004,2026-04-30 17:01:00+00:00,49543.1914,0.01,2026-04-30 17:01:00+00:00,24716.4707,0.005,2026-04-30 17:01:00+00:00,59111.5508,0.0,2026-04-30 06:29:00+00:00,25776.5293,-0.012,2026-04-30 08:08:00+00:00,10371.8496,-0.015,2026-04-30 15:29:00+00:00,109.99,0.073,2026-04-30 16:50:00+00:00,94.89,0.0,2026-04-30 13:49:00+00:00,17.47,0.0,2026-04-30 16:46:00+00:00,24043.6992,0.011,2026-04-30 09:59:00+00:00,98.19,0.009,2026-04-30 16:51:00+00:00,4.396,0.0,2026-04-30 16:46:00+00:00
2026-04-30 22:45:44 IST,7177.1899,-0.021,2026-04-30 17:15:00+00:00,49545.8086,-0.007,2026-04-30 17:15:00+00:00,24760.6074,-0.022,2026-04-30 17:15:00+00:00,59111.5508,0.0,2026-04-30 06:29:00+00:00,25776.5293,-0.012,2026-04-30 08:08:00+00:00,10371.8496,-0.015,2026-04-30 15:29:00+00:00,109.51,-0.1,2026-04-30 17:05:00+00:00,94.89,0.0,2026-04-30 13:49:00+00:00,17.42,-0.229,2026-04-30 17:00:00+00:00,24043.6992,0.011,2026-04-30 09:59:00+00:00,98.141,-0.006,2026-04-30 17:05:00+00:00,4.398,0.0,2026-04-30 17:00:00+00:00
2026-04-30 23:00:55 IST,7187.7002,0.088,2026-04-30 17:30:00+00:00,49579.0586,0.076,2026-04-30 17:30:00+00:00,24807.0156,0.1,2026-04-30 17:30:00+00:00,59111.5508,0.0,2026-04-30 06:29:00+00:00,25776.5293,-0.012,2026-04-30 08:08:00+00:00,10371.8496,-0.015,2026-04-30 15:29:00+00:00,109.6,-0.146,2026-04-30 17:20:00+00:00,94.89,0.0,2026-04-30 13:49:00+00:00,17.33,0.116,2026-04-30 17:15:00+00:00,24043.6992,0.011,2026-04-30 09:59:00+00:00,98.152,-0.008,2026-04-30 17:20:00+00:00,4.396,0.0,2026-04-30 17:15:00+00:00
2026-04-30 23:15:45 IST,7188.7202,0.023,2026-04-30 17:45:00+00:00,49590.3008,0.002,2026-04-30 17:45:00+00:00,24816.1875,0.035,2026-04-30 17:45:00+00:00,59111.5508,0.0,2026-04-30 06:29:00+00:00,25776.5293,-0.012,2026-04-30 08:08:00+00:00,10371.8496,-0.015,2026-04-30 15:29:00+00:00,109.32,0.018,2026-04-30 17:35:00+00:00,94.9,0.011,2026-04-30 17:40:00+00:00,17.32,-0.288,2026-04-30 17:30:00+00:00,24043.6992,0.011,2026-04-30 09:59:00+00:00,98.144,-0.004,2026-04-30 17:35:00+00:00,4.394,-0.091,2026-04-30 17:30:00+00:00
2026-04-30 23:31:06 IST,7199.7798,0.002,2026-04-30 18:01:00+00:00,49614.1484,-0.002,2026-04-30 18:01:00+00:00,24879.1328,0.007,2026-04-30 18:01:00+00:00,59111.5508,0.0,2026-04-30 06:29:00+00:00,25776.5293,-0.012,2026-04-30 08:08:00+00:00,10371.8496,-0.015,2026-04-30 15:29:00+00:00,108.83,-0.128,2026-04-30 17:50:00+00:00,94.9,0.011,2026-04-30 17:40:00+00:00,17.21,-0.116,2026-04-30 17:46:00+00:00,24043.6992,0.011,2026-04-30 09:59:00+00:00,98.148,-0.001,2026-04-30 17:51:00+00:00,4.394,0.0,2026-04-30 17:46:00+00:00
2026-04-30 23:45:51 IST,7201.6401,-0.0,2026-04-30 18:15:00+00:00,49627.4219,-0.024,2026-04-30 18:14:00+00:00,24874.8945,-0.005,2026-04-30 18:15:00+00:00,59111.5508,0.0,2026-04-30 06:29:00+00:00,25776.5293,-0.012,2026-04-30 08:08:00+00:00,10371.8496,-0.015,2026-04-30 15:29:00+00:00,109.03,0.028,2026-04-30 18:05:00+00:00,94.9,0.011,2026-04-30 17:40:00+00:00,,,24043.6992,0.011,2026-04-30 09:59:00+00:00,98.137,-0.002,2026-04-30 18:05:00+00:00,4.39,-0.046,2026-04-30 18:00:00+00:00
2026-05-01 00:01:03 IST,7204.1602,-0.007,2026-04-30 18:31:00+00:00,49658.5391,-0.007,2026-04-30 18:31:00+00:00,24886.4922,-0.005,2026-04-30 18:31:00+00:00,59111.5508,0.0,2026-04-30 06:29:00+00:00,25776.5293,-0.012,2026-04-30 08:08:00+00:00,10371.8496,-0.015,2026-04-30 15:29:00+00:00,109.54,0.037,2026-04-30 18:20:00+00:00,94.9,0.011,2026-04-30 17:40:00+00:00,17.28,0.0,2026-04-30 18:16:00+00:00,24043.6992,0.011,2026-04-30 09:59:00+00:00,98.105,0.001,2026-04-30 18:21:00+00:00,4.39,0.0,2026-04-30 18:15:00+00:00
2026-05-01 00:15:47 IST,7209.8799,0.009,2026-04-30 18:45:00+00:00,49703.6211,0.003,2026-04-30 18:45:00+00:00,24900.3906,0.01,2026-04-30 18:45:00+00:00,59111.5508,0.0,2026-04-30 06:29:00+00:00,25776.5293,-0.012,2026-04-30 08:08:00+00:00,10371.8496,-0.015,2026-04-30 15:29:00+00:00,110.8,0.009,2026-04-30 18:35:00+00:00,94.9,0.011,2026-04-30 17:40:00+00:00,17.27,-0.058,2026-04-30 18:30:00+00:00,24043.6992,0.011,2026-04-30 09:59:00+00:00,98.079,-0.009,2026-04-30 18:35:00+00:00,4.388,0.046,2026-04-30 18:30:00+00:00
2026-05-01 17:31:04 IST,7209.6299,-0.044,2026-04-30 19:59:00+00:00,49656.8203,-0.053,2026-04-30 19:59:00+00:00,24897.5234,-0.003,2026-04-30 19:59:00+00:00,59509.5586,0.0,2026-05-01 06:29:00+00:00,25776.5293,-0.012,2026-04-30 08:08:00+00:00,10322.3701,-0.0,2026-05-01 11:46:00+00:00,110.96,0.045,2026-05-01 11:50:00+00:00,94.88,-0.021,2026-05-01 10:23:00+00:00,16.97,0.0,2026-05-01 11:46:00+00:00,24043.6992,0.011,2026-04-30 09:59:00+00:00,98.008,-0.002,2026-05-01 11:51:00+00:00,4.39,-0.046,2026-04-30 18:59:00+00:00
2026-05-01 17:45:46 IST,7209.6299,-0.044,2026-04-30 19:59:00+00:00,49656.8203,-0.053,2026-04-30 19:59:00+00:00,24897.5234,-0.003,2026-04-30 19:59:00+00:00,59509.5586,0.0,2026-05-01 06:29:00+00:00,25776.5293,-0.012,2026-04-30 08:08:00+00:00,10315.1396,-0.006,2026-05-01 12:00:00+00:00,111.08,0.072,2026-05-01 12:05:00+00:00,94.88,-0.021,2026-05-01 10:23:00+00:00,16.84,-0.119,2026-05-01 12:00:00+00:00,24043.6992,0.011,2026-04-30 09:59:00+00:00,97.953,-0.015,2026-05-01 12:05:00+00:00,4.39,-0.046,2026-04-30 18:59:00+00:00
2026-05-01 18:00:54 IST,7209.6299,-0.044,2026-04-30 19:59:00+00:00,49656.8203,-0.053,2026-04-30 19:59:00+00:00,24897.5234,-0.003,2026-04-30 19:59:00+00:00,59509.5586,0.0,2026-05-01 06:29:00+00:00,25776.5293,-0.012,2026-04-30 08:08:00+00:00,10316.6699,-0.016,2026-05-01 12:15:00+00:00,110.4,0.282,2026-05-01 12:20:00+00:00,94.88,0.0,2026-05-01 12:23:00+00:00,16.73,0.12,2026-05-01 12:15:00+00:00,24043.6992,0.011,2026-04-30 09:59:00+00:00,97.878,0.014,2026-05-01 12:20:00+00:00,4.39,-0.046,2026-04-30 18:59:00+00:00
2026-05-01 18:15:40 IST,7209.6299,-0.044,2026-04-30 19:59:00+00:00,49656.8203,-0.053,2026-04-30 19:59:00+00:00,24897.5234,-0.003,2026-04-30 19:59:00+00:00,59509.5586,0.0,2026-05-01 06:29:00+00:00,25776.5293,-0.012,2026-04-30 08:08:00+00:00,10327.6602,-0.012,2026-05-01 12:30:00+00:00,110.16,0.027,2026-05-01 12:35:00+00:00,94.88,0.0,2026-05-01 12:23:00+00:00,16.77,0.06,2026-05-01 12:30:00+00:00,24043.6992,0.011,2026-04-30 09:59:00+00:00,97.861,-0.004,2026-05-01 12:35:00+00:00,4.366,0.0,2026-05-01 12:30:00+00:00
2026-05-01 18:31:04 IST,7209.6299,-0.044,2026-04-30 19:59:00+00:00,49656.8203,-0.053,2026-04-30 19:59:00+00:00,24897.5234,-0.003,2026-04-30 19:59:00+00:00,59509.5586,0.0,2026-05-01 06:29:00+00:00,25776.5293,-0.012,2026-04-30 08:08:00+00:00,10320.3203,-0.0,2026-05-01 12:46:00+00:00,110.96,0.0,2026-05-01 12:50:00+00:00,94.88,0.0,2026-05-01 12:23:00+00:00,16.88,0.0,2026-05-01 12:46:00+00:00,24043.6992,0.011,2026-04-30 09:59:00+00:00,97.915,-0.001,2026-05-01 12:51:00+00:00,4.38,0.0,2026-05-01 12:46:00+00:00
2026-05-01 18:45:43 IST,7209.6299,-0.044,2026-04-30 19:59:00+00:00,49656.8203,-0.053,2026-04-30 19:59:00+00:00,24897.5234,-0.003,2026-04-30 19:59:00+00:00,59509.5586,0.0,2026-05-01 06:29:00+00:00,25776.5293,-0.012,2026-04-30 08:08:00+00:00,10311.2803,0.007,2026-05-01 13:00:00+00:00,110.08,-0.172,2026-05-01 13:05:00+00:00,94.88,0.0,2026-05-01 12:23:00+00:00,16.85,-0.059,2026-05-01 13:00:00+00:00,24043.6992,0.011,2026-04-30 09:59:00+00:00,97.91,-0.003,2026-05-01 13:05:00+00:00,4.39,0.0,2026-05-01 13:00:00+00:00
2026-05-01 19:00:56 IST,7233.8398,0.336,2026-05-01 13:30:00+00:00,49656.8203,-0.053,2026-04-30 19:59:00+00:00,24999.127,0.408,2026-05-01 13:30:00+00:00,59509.5586,0.0,2026-05-01 06:29:00+00:00,25776.5293,-0.012,2026-04-30 08:08:00+00:00,10321.3799,0.007,2026-05-01 13:15:00+00:00,109.77,-0.2,2026-05-01 13:20:00+00:00,94.88,0.0,2026-05-01 12:23:00+00:00,16.82,0.0,2026-05-01 13:15:00+00:00,24043.6992,0.011,2026-04-30 09:59:00+00:00,97.911,-0.01,2026-05-01 13:20:00+00:00,4.39,0.0,2026-05-01 13:15:00+00:00
2026-05-01 19:15:41 IST,7245.1401,-0.058,2026-05-01 13:45:00+00:00,49807.9219,0.116,2026-05-01 13:44:00+00:00,25059.873,-0.071,2026-05-01 13:45:00+00:00,59509.5586,0.0,2026-05-01 06:29:00+00:00,25776.5293,-0.012,2026-04-30 08:08:00+00:00,10315.2803,-0.056,2026-05-01 13:30:00+00:00,108.63,-0.12,2026-05-01 13:35:00+00:00,94.88,0.0,2026-05-01 12:23:00+00:00,16.81,0.0,2026-05-01 13:25:00+00:00,24043.6992,0.011,2026-04-30 09:59:00+00:00,97.907,-0.009,2026-05-01 13:35:00+00:00,4.396,0.091,2026-05-01 13:30:00+00:00
2026-05-01 19:31:04 IST,7266.3301,-0.005,2026-05-01 14:01:00+00:00,49956.7109,-0.009,2026-05-01 14:01:00+00:00,25146.1035,0.016,2026-05-01 14:00:00+00:00,59509.5586,0.0,2026-05-01 06:29:00+00:00,25776.5293,-0.012,2026-04-30 08:08:00+00:00,10328.4004,0.001,2026-05-01 13:46:00+00:00,109.11,0.018,2026-05-01 13:50:00+00:00,94.88,0.0,2026-05-01 12:23:00+00:00,16.7,0.0,2026-05-01 13:46:00+00:00,24043.6992,0.011,2026-04-30 09:59:00+00:00,97.95,-0.005,2026-05-01 13:51:00+00:00,4.398,0.045,2026-05-01 13:45:00+00:00
2026-05-01 19:45:53 IST,7266.5098,-0.019,2026-05-01 14:15:00+00:00,49924.7188,-0.044,2026-05-01 14:14:00+00:00,25175.3203,-0.029,2026-05-01 14:15:00+00:00,59509.5586,0.0,2026-05-01 06:29:00+00:00,25776.5293,-0.012,2026-04-30 08:08:00+00:00,10362.6904,0.022,2026-05-01 14:00:00+00:00,107.86,0.382,2026-05-01 14:05:00+00:00,94.88,0.0,2026-05-01 12:23:00+00:00,16.54,-0.241,2026-05-01 14:00:00+00:00,24043.6992,0.011,2026-04-30 09:59:00+00:00,97.823,0.03,2026-05-01 14:05:00+00:00,4.378,-0.182,2026-05-01 14:00:00+00:00
2026-05-01 20:01:00 IST,7261.6602,-0.059,2026-05-01 14:30:00+00:00,49902.6719,0.013,2026-05-01 14:30:00+00:00,25138.6816,-0.115,2026-05-01 14:30:00+00:00,59509.5586,0.0,2026-05-01 06:29:00+00:00,25776.5293,-0.012,2026-04-30 08:08:00+00:00,10361.5703,0.013,2026-05-01 14:15:00+00:00,106.98,-0.233,2026-05-01 14:20:00+00:00,94.88,0.0,2026-05-01 12:23:00+00:00,16.5,0.061,2026-05-01 14:15:00+00:00,24043.6992,0.011,2026-04-30 09:59:00+00:00,97.739,-0.016,2026-05-01 14:20:00+00:00,4.354,0.046,2026-05-01 14:15:00+00:00
2026-05-01 20:15:41 IST,7252.1299,-0.008,2026-05-01 14:45:00+00:00,49803.8281,-0.001,2026-05-01 14:44:00+00:00,25110.9316,-0.024,2026-05-01 14:45:00+00:00,59509.5586,0.0,2026-05-01 06:29:00+00:00,25776.5293,-0.012,2026-04-30 08:08:00+00:00,10361.7695,-0.003,2026-05-01 14:30:00+00:00,107.94,0.037,2026-05-01 14:35:00+00:00,94.88,0.0,2026-05-01 12:23:00+00:00,16.61,0.06,2026-05-01 14:30:00+00:00,24043.6992,0.011,2026-04-30 09:59:00+00:00,97.789,0.016,2026-05-01 14:35:00+00:00,4.352,0.046,2026-05-01 14:30:00+00:00
2026-05-01 20:31:16 IST,7247.8999,-0.035,2026-05-01 15:01:00+00:00,49771.7305,-0.008,2026-05-01 15:01:00+00:00,25105.7109,-0.042,2026-05-01 15:01:00+00:00,59509.5586,0.0,2026-05-01 06:29:00+00:00,25776.5293,-0.012,2026-04-30 08:08:00+00:00,10365.2402,0.017,2026-05-01 14:46:00+00:00,108.35,-0.028,2026-05-01 14:51:00+00:00,94.88,0.0,2026-05-01 12:23:00+00:00,16.68,-0.06,2026-05-01 14:46:00+00:00,24043.6992,0.011,2026-04-30 09:59:00+00:00,97.877,0.009,2026-05-01 14:51:00+00:00,4.368,-0.046,2026-05-01 14:46:00+00:00
2026-05-01 20:45:46 IST,7254.5898,0.015,2026-05-01 15:15:00+00:00,49768.9297,0.007,2026-05-01 15:15:00+00:00,25147.5625,0.033,2026-05-01 15:15:00+00:00,59509.5586,0.0,2026-05-01 06:29:00+00:00,25776.5293,-0.012,2026-04-30 08:08:00+00:00,10371.3799,-0.021,2026-05-01 15:00:00+00:00,108.9,-0.055,2026-05-01 15:05:00+00:00,94.88,0.0,2026-05-01 12:23:00+00:00,16.75,0.42,2026-05-01 15:00:00+00:00,24043.6992,0.011,2026-04-30 09:59:00+00:00,97.884,0.028,2026-05-01 15:05:00+00:00,4.37,0.046,2026-05-01 15:00:00+00:00
2026-05-01 21:00:59 IST,7257.4702,0.012,2026-05-01 15:30:00+00:00,49722.9414,-0.005,2026-05-01 15:30:00+00:00,25170.2109,0.024,2026-05-01 15:30:00+00:00,59509.5586,0.0,2026-05-01 06:29:00+00:00,,,10372.5498,0.002,2026-05-01 15:14:00+00:00,108.57,0.101,2026-05-01 15:20:00+00:00,94.88,0.0,2026-05-01 12:23:00+00:00,16.71,-0.179,2026-05-01 15:15:00+00:00,24043.6992,0.011,2026-04-30 09:59:00+00:00,97.857,-0.001,2026-05-01 15:20:00+00:00,4.374,-0.046,2026-05-01 15:15:00+00:00
2026-05-01 21:15:50 IST,7263.5801,0.007,2026-05-01 15:44:00+00:00,49749.2188,0.019,2026-05-01 15:45:00+00:00,25200.6113,-0.0,2026-05-01 15:45:00+00:00,59509.5586,0.0,2026-05-01 06:29:00+00:00,25776.5293,-0.012,2026-04-30 08:08:00+00:00,10373.0703,0.034,2026-05-01 15:28:00+00:00,108.44,0.102,2026-05-01 15:35:00+00:00,94.88,0.0,2026-05-01 12:23:00+00:00,16.69,-0.12,2026-05-01 15:30:00+00:00,24043.6992,0.011,2026-04-30 09:59:00+00:00,97.888,-0.009,2026-05-01 15:35:00+00:00,4.374,-0.046,2026-05-01 15:30:00+00:00
2026-05-01 21:31:09 IST,7257.9399,0.012,2026-05-01 16:01:00+00:00,49667.0312,0.009,2026-05-01 16:01:00+00:00,25189.7012,0.023,2026-05-01 16:01:00+00:00,59509.5586,0.0,2026-05-01 06:29:00+00:00,25776.5293,-0.012,2026-04-30 08:08:00+00:00,10375.3701,0.022,2026-05-01 15:29:00+00:00,107.86,-0.074,2026-05-01 15:51:00+00:00,94.88,0.0,2026-05-01 12:23:00+00:00,16.68,0.06,2026-05-01 15:46:00+00:00,24043.6992,0.011,2026-04-30 09:59:00+00:00,97.929,-0.007,2026-05-01 15:51:00+00:00,4.376,0.0,2026-05-01 15:46:00+00:00
2026-05-01 21:45:41 IST,7249.29,0.014,2026-05-01 16:15:00+00:00,49635.0195,0.005,2026-05-01 16:15:00+00:00,25152.0781,0.023,2026-05-01 16:15:00+00:00,59509.5586,0.0,2026-05-01 06:29:00+00:00,,,10375.3701,0.022,2026-05-01 15:29:00+00:00,107.52,0.0,2026-05-01 16:05:00+00:00,94.88,0.0,2026-05-01 16:15:00+00:00,16.82,-0.059,2026-05-01 16:00:00+00:00,24043.6992,0.011,2026-04-30 09:59:00+00:00,97.935,-0.005,2026-05-01 16:05:00+00:00,4.378,-0.046,2026-05-01 16:00:00+00:00
2026-05-01 22:00:54 IST,7245.0298,-0.007,2026-05-01 16:30:00+00:00,49588.4883,-0.01,2026-05-01 16:30:00+00:00,25140.416,0.01,2026-05-01 16:30:00+00:00,59509.5586,0.0,2026-05-01 06:29:00+00:00,25776.5293,-0.012,2026-04-30 08:08:00+00:00,10375.3701,0.022,2026-05-01 15:29:00+00:00,107.34,0.009,2026-05-01 16:20:00+00:00,94.88,0.0,2026-05-01 16:15:00+00:00,16.92,-0.118,2026-05-01 16:15:00+00:00,24043.6992,0.011,2026-04-30 09:59:00+00:00,97.953,0.002,2026-05-01 16:20:00+00:00,4.368,-0.046,2026-05-01 16:15:00+00:00
2026-05-01 22:15:40 IST,7241.1499,0.007,2026-05-01 16:45:00+00:00,49588.7695,-0.023,2026-05-01 16:44:00+00:00,25121.0664,0.009,2026-05-01 16:45:00+00:00,59509.5586,0.0,2026-05-01 06:29:00+00:00,25776.5293,-0.012,2026-04-30 08:08:00+00:00,10375.3701,0.022,2026-05-01 15:29:00+00:00,108.12,-0.009,2026-05-01 16:35:00+00:00,94.88,0.0,2026-05-01 16:15:00+00:00,16.93,-0.177,2026-05-01 16:30:00+00:00,24043.6992,0.011,2026-04-30 09:59:00+00:00,98.034,-0.002,2026-05-01 16:35:00+00:00,4.374,0.046,2026-05-01 16:30:00+00:00
2026-05-01 22:31:17 IST,7244.6699,0.015,2026-05-01 17:01:00+00:00,49616.3906,0.02,2026-05-01 17:01:00+00:00,25141.3555,0.012,2026-05-01 17:01:00+00:00,59509.5586,0.0,2026-05-01 06:29:00+00:00,25776.5293,-0.012,2026-04-30 08:08:00+00:00,10375.3701,0.022,2026-05-01 15:29:00+00:00,108.13,-0.046,2026-05-01 16:50:00+00:00,94.88,0.0,2026-05-01 16:15:00+00:00,16.86,-0.059,2026-05-01 16:46:00+00:00,24043.6992,0.011,2026-04-30 09:59:00+00:00,98.039,-0.005,2026-05-01 16:51:00+00:00,4.37,0.046,2026-05-01 16:46:00+00:00
2026-05-01 22:45:51 IST,7248.9199,0.014,2026-05-01 17:15:00+00:00,49638.75,-0.006,2026-05-01 17:15:00+00:00,25165.0039,0.028,2026-05-01 17:15:00+00:00,59509.5586,0.0,2026-05-01 06:29:00+00:00,25776.5293,-0.012,2026-04-30 08:08:00+00:00,10375.3701,0.022,2026-05-01 15:29:00+00:00,108.15,0.019,2026-05-01 17:05:00+00:00,94.88,0.0,2026-05-01 16:15:00+00:00,16.72,0.0,2026-05-01 17:00:00+00:00,24043.6992,0.011,2026-04-30 09:59:00+00:00,98.093,0.0,2026-05-01 17:05:00+00:00,4.38,0.046,2026-05-01 17:00:00+00:00
2026-05-01 23:00:54 IST,7252.8901,-0.003,2026-05-01 17:30:00+00:00,49647.0,-0.002,2026-05-01 17:30:00+00:00,25185.3379,-0.004,2026-05-01 17:30:00+00:00,59509.5586,0.0,2026-05-01 06:29:00+00:00,25776.5293,-0.012,2026-04-30 08:08:00+00:00,10375.3701,0.022,2026-05-01 15:29:00+00:00,108.17,0.037,2026-05-01 17:20:00+00:00,94.88,0.0,2026-05-01 16:15:00+00:00,16.68,-0.06,2026-05-01 17:15:00+00:00,24043.6992,0.011,2026-04-30 09:59:00+00:00,98.082,-0.011,2026-05-01 17:20:00+00:00,4.376,-0.046,2026-05-01 17:15:00+00:00
2026-05-01 23:15:40 IST,7252.1299,0.0,2026-05-01 17:45:00+00:00,49652.0117,-0.005,2026-05-01 17:45:00+00:00,25180.7266,-0.0,2026-05-01 17:45:00+00:00,59509.5586,0.0,2026-05-01 06:29:00+00:00,25776.5293,-0.012,2026-04-30 08:08:00+00:00,10375.3701,0.022,2026-05-01 15:29:00+00:00,108.01,-0.009,2026-05-01 17:34:00+00:00,94.89,0.011,2026-05-01 17:37:00+00:00,16.69,0.0,2026-05-01 17:30:00+00:00,24043.6992,0.011,2026-04-30 09:59:00+00:00,98.137,0.009,2026-05-01 17:35:00+00:00,4.378,0.0,2026-05-01 17:30:00+00:00
2026-05-01 23:31:08 IST,7251.2402,-0.007,2026-05-01 18:01:00+00:00,49677.7109,0.007,2026-05-01 18:00:00+00:00,25175.1562,-0.01,2026-05-01 18:01:00+00:00,59509.5586,0.0,2026-05-01 06:29:00+00:00,25776.5293,-0.012,2026-04-30 08:08:00+00:00,10375.3701,0.022,2026-05-01 15:29:00+00:00,107.94,-0.028,2026-05-01 17:51:00+00:00,94.88,-0.011,2026-05-01 17:46:00+00:00,16.81,-0.059,2026-05-01 17:46:00+00:00,24043.6992,0.011,2026-04-30 09:59:00+00:00,98.138,0.003,2026-05-01 17:51:00+00:00,4.378,0.0,2026-05-01 17:46:00+00:00
2026-05-01 23:45:46 IST,7242.1201,0.009,2026-05-01 18:15:00+00:00,49590.5391,-0.036,2026-05-01 18:14:00+00:00,25146.082,0.018,2026-05-01 18:15:00+00:00,59509.5586,0.0,2026-05-01 06:29:00+00:00,25776.5293,-0.012,2026-04-30 08:08:00+00:00,10375.3701,0.022,2026-05-01 15:29:00+00:00,107.61,0.009,2026-05-01 18:05:00+00:00,,,16.89,0.0,2026-05-01 18:00:00+00:00,24043.6992,0.011,2026-04-30 09:59:00+00:00,98.18,0.0,2026-05-01 18:05:00+00:00,4.376,0.0,2026-05-01 18:00:00+00:00
2026-05-02 00:01:00 IST,7242.8599,-0.03,2026-05-01 18:30:00+00:00,49598.4219,-0.025,2026-05-01 18:30:00+00:00,25149.0586,-0.049,2026-05-01 18:30:00+00:00,59509.5586,0.0,2026-05-01 06:29:00+00:00,25776.5293,-0.012,2026-04-30 08:08:00+00:00,10375.3701,0.022,2026-05-01 15:29:00+00:00,108.42,0.037,2026-05-01 18:20:00+00:00,94.88,-0.011,2026-05-01 17:46:00+00:00,17.0,0.0,2026-05-01 18:15:00+00:00,24043.6992,0.011,2026-04-30 09:59:00+00:00,98.174,-0.006,2026-05-01 18:20:00+00:00,4.38,-0.046,2026-05-01 18:15:00+00:00
2026-05-02 00:15:38 IST,7235.4902,0.004,2026-05-01 18:44:00+00:00,49555.1484,-0.009,2026-05-01 18:45:00+00:00,25111.9707,-0.013,2026-05-01 18:45:00+00:00,59509.5586,0.0,2026-05-01 06:29:00+00:00,25776.5293,-0.012,2026-04-30 08:08:00+00:00,10375.3701,0.022,2026-05-01 15:29:00+00:00,108.65,0.203,2026-05-01 18:35:00+00:00,94.88,-0.011,2026-05-01 17:46:00+00:00,16.93,-0.236,2026-05-01 18:30:00+00:00,24043.6992,0.011,2026-04-30 09:59:00+00:00,98.213,0.001,2026-05-01 18:35:00+00:00,4.376,-0.091,2026-05-01 18:30:00+00:00
2026-05-04 17:31:10 IST,7229.3198,-0.055,2026-05-01 19:59:00+00:00,49496.4688,-0.078,2026-05-01 19:59:00+00:00,25109.9805,-0.021,2026-05-01 19:59:00+00:00,59509.5586,0.0,2026-05-01 06:29:00+00:00,26095.8809,-0.094,2026-05-04 08:08:00+00:00,10375.3701,0.022,2026-05-01 15:29:00+00:00,111.32,-0.009,2026-05-04 11:51:00+00:00,95.067,0.0,2026-05-04 10:02:00+00:00,18.15,0.0,2026-05-04 11:46:00+00:00,24123.8008,0.013,2026-05-04 09:59:00+00:00,98.393,-0.005,2026-05-04 11:51:00+00:00,4.378,0.046,2026-05-01 18:59:00+00:00
2026-05-04 17:45:52 IST,7229.3198,-0.055,2026-05-01 19:59:00+00:00,49496.4688,-0.078,2026-05-01 19:59:00+00:00,25109.9805,-0.021,2026-05-01 19:59:00+00:00,59509.5586,0.0,2026-05-01 06:29:00+00:00,26095.8809,-0.094,2026-05-04 08:08:00+00:00,10375.3701,0.022,2026-05-01 15:29:00+00:00,111.01,0.018,2026-05-04 12:05:00+00:00,95.067,0.0,2026-05-04 10:02:00+00:00,18.01,-0.111,2026-05-04 12:00:00+00:00,24123.8008,0.013,2026-05-04 09:59:00+00:00,98.403,0.0,2026-05-04 12:05:00+00:00,4.378,0.046,2026-05-01 18:59:00+00:00
2026-05-04 18:01:04 IST,7229.3198,-0.055,2026-05-01 19:59:00+00:00,49496.4688,-0.078,2026-05-01 19:59:00+00:00,25109.9805,-0.021,2026-05-01 19:59:00+00:00,59509.5586,0.0,2026-05-01 06:29:00+00:00,26095.8809,-0.094,2026-05-04 08:08:00+00:00,10375.3701,0.022,2026-05-01 15:29:00+00:00,110.54,-0.108,2026-05-04 12:20:00+00:00,95.067,0.0,2026-05-04 10:02:00+00:00,17.92,0.056,2026-05-04 12:16:00+00:00,24123.8008,0.013,2026-05-04 09:59:00+00:00,98.314,0.0,2026-05-04 12:21:00+00:00,4.378,0.046,2026-05-01 18:59:00+00:00
2026-05-04 18:15:44 IST,7229.3198,-0.055,2026-05-01 19:59:00+00:00,49496.4688,-0.078,2026-05-01 19:59:00+00:00,25109.9805,-0.021,2026-05-01 19:59:00+00:00,59509.5586,0.0,2026-05-01 06:29:00+00:00,26095.8809,-0.094,2026-05-04 08:08:00+00:00,10375.3701,0.022,2026-05-01 15:29:00+00:00,110.78,-0.009,2026-05-04 12:35:00+00:00,95.067,0.0,2026-05-04 12:36:00+00:00,17.82,0.112,2026-05-04 12:30:00+00:00,24123.8008,0.013,2026-05-04 09:59:00+00:00,98.335,0.007,2026-05-04 12:35:00+00:00,4.396,0.0,2026-05-04 12:30:00+00:00
2026-05-04 18:31:17 IST,7229.3198,-0.055,2026-05-01 19:59:00+00:00,49496.4688,-0.078,2026-05-01 19:59:00+00:00,25109.9805,-0.021,2026-05-01 19:59:00+00:00,59509.5586,0.0,2026-05-01 06:29:00+00:00,26095.8809,-0.094,2026-05-04 08:08:00+00:00,10375.3701,0.022,2026-05-01 15:29:00+00:00,109.99,0.036,2026-05-04 12:51:00+00:00,95.067,0.0,2026-05-04 12:59:00+00:00,17.78,0.0,2026-05-04 12:46:00+00:00,24123.8008,0.013,2026-05-04 09:59:00+00:00,98.303,0.002,2026-05-04 12:51:00+00:00,4.394,0.0,2026-05-04 12:46:00+00:00
2026-05-04 18:45:49 IST,7229.3198,-0.055,2026-05-01 19:59:00+00:00,49496.4688,-0.078,2026-05-01 19:59:00+00:00,25109.9805,-0.021,2026-05-01 19:59:00+00:00,59509.5586,0.0,2026-05-01 06:29:00+00:00,26095.8809,-0.094,2026-05-04 08:08:00+00:00,10375.3701,0.022,2026-05-01 15:29:00+00:00,110.75,-0.09,2026-05-04 13:05:00+00:00,95.067,0.0,2026-05-04 12:59:00+00:00,17.91,1.244,2026-05-04 13:00:00+00:00,24123.8008,0.013,2026-05-04 09:59:00+00:00,98.349,0.004,2026-05-04 13:05:00+00:00,4.406,0.136,2026-05-04 13:00:00+00:00
2026-05-04 19:01:06 IST,7220.7998,0.011,2026-05-04 13:31:00+00:00,49295.6719,-0.054,2026-05-04 13:31:00+00:00,25114.7363,0.04,2026-05-04 13:31:00+00:00,59509.5586,0.0,2026-05-01 06:29:00+00:00,26095.8809,-0.094,2026-05-04 08:08:00+00:00,10375.3701,0.022,2026-05-01 15:29:00+00:00,110.24,0.2,2026-05-04 13:21:00+00:00,95.067,0.0,2026-05-04 12:59:00+00:00,17.7,0.057,2026-05-04 13:16:00+00:00,24123.8008,0.013,2026-05-04 09:59:00+00:00,98.322,0.002,2026-05-04 13:21:00+00:00,4.394,0.046,2026-05-04 13:16:00+00:00
2026-05-04 19:15:59 IST,7226.7002,0.059,2026-05-04 13:45:00+00:00,49238.8711,-0.01,2026-05-04 13:45:00+00:00,25152.0312,0.102,2026-05-04 13:45:00+00:00,59509.5586,0.0,2026-05-01 06:29:00+00:00,26095.8809,-0.094,2026-05-04 08:08:00+00:00,10375.3701,0.022,2026-05-01 15:29:00+00:00,110.38,-0.018,2026-05-04 13:35:00+00:00,95.067,0.0,2026-05-04 12:59:00+00:00,17.65,0.0,2026-05-04 13:25:00+00:00,24123.8008,0.013,2026-05-04 09:59:00+00:00,98.275,-0.003,2026-05-04 13:35:00+00:00,4.414,0.091,2026-05-04 13:30:00+00:00
2026-05-04 19:31:14 IST,7228.1001,-0.014,2026-05-04 14:01:00+00:00,49274.0898,0.004,2026-05-04 14:01:00+00:00,25139.3965,-0.008,2026-05-04 14:01:00+00:00,59509.5586,0.0,2026-05-01 06:29:00+00:00,26095.8809,-0.094,2026-05-04 08:08:00+00:00,10375.3701,0.022,2026-05-01 15:29:00+00:00,110.75,-0.099,2026-05-04 13:51:00+00:00,95.067,0.0,2026-05-04 12:59:00+00:00,17.52,-0.057,2026-05-04 13:46:00+00:00,24123.8008,0.013,2026-05-04 09:59:00+00:00,98.264,-0.008,2026-05-04 13:51:00+00:00,4.418,0.0,2026-05-04 13:46:00+00:00
2026-05-04 19:47:08 IST,7236.0098,0.003,2026-05-04 14:17:00+00:00,49323.6211,0.013,2026-05-04 14:17:00+00:00,25157.5156,0.005,2026-05-04 14:17:00+00:00,59509.5586,0.0,2026-05-01 06:29:00+00:00,26095.8809,-0.094,2026-05-04 08:08:00+00:00,10375.3701,0.022,2026-05-01 15:29:00+00:00,110.66,0.036,2026-05-04 14:07:00+00:00,95.067,0.0,2026-05-04 12:59:00+00:00,17.46,0.057,2026-05-04 14:02:00+00:00,24123.8008,0.013,2026-05-04 09:59:00+00:00,98.3,-0.005,2026-05-04 14:07:00+00:00,4.424,0.0,2026-05-04 14:02:00+00:00
2026-05-04 20:01:05 IST,7238.25,0.049,2026-05-04 14:30:00+00:00,49425.5195,0.033,2026-05-04 14:30:00+00:00,25141.3516,-0.0,2026-05-04 14:31:00+00:00,59509.5586,0.0,2026-05-01 06:29:00+00:00,26095.8809,-0.094,2026-05-04 08:08:00+00:00,10375.3701,0.022,2026-05-01 15:29:00+00:00,110.01,-0.036,2026-05-04 14:20:00+00:00,95.067,0.0,2026-05-04 12:59:00+00:00,17.29,0.058,2026-05-04 14:16:00+00:00,24123.8008,0.013,2026-05-04 09:59:00+00:00,98.284,0.003,2026-05-04 14:21:00+00:00,4.418,0.0,2026-05-04 14:16:00+00:00
2026-05-04 20:15:40 IST,7244.1401,0.017,2026-05-04 14:45:00+00:00,49356.8711,0.002,2026-05-04 14:45:00+00:00,25205.4297,0.048,2026-05-04 14:45:00+00:00,59509.5586,0.0,2026-05-01 06:29:00+00:00,26095.8809,-0.094,2026-05-04 08:08:00+00:00,10375.3701,0.022,2026-05-01 15:29:00+00:00,110.96,-0.036,2026-05-04 14:35:00+00:00,95.067,0.0,2026-05-04 12:59:00+00:00,17.19,-0.406,2026-05-04 14:30:00+00:00,24123.8008,0.013,2026-05-04 09:59:00+00:00,98.277,0.006,2026-05-04 14:35:00+00:00,4.412,0.0,2026-05-04 14:30:00+00:00
2026-05-04 20:31:11 IST,7235.0298,0.013,2026-05-04 15:01:00+00:00,49325.1484,0.035,2026-05-04 15:01:00+00:00,25165.7422,0.031,2026-05-04 15:01:00+00:00,59509.5586,0.0,2026-05-01 06:29:00+00:00,26095.8809,-0.094,2026-05-04 08:08:00+00:00,10375.3701,0.022,2026-05-01 15:29:00+00:00,111.56,-0.009,2026-05-04 14:51:00+00:00,95.067,0.0,2026-05-04 14:59:00+00:00,17.29,0.0,2026-05-04 14:46:00+00:00,24123.8008,0.013,2026-05-04 09:59:00+00:00,98.319,-0.002,2026-05-04 14:51:00+00:00,4.412,0.0,2026-05-04 14:46:00+00:00
2026-05-04 20:45:54 IST,7226.2402,0.013,2026-05-04 15:15:00+00:00,49261.3984,-0.007,2026-05-04 15:14:00+00:00,25137.0664,0.025,2026-05-04 15:15:00+00:00,59509.5586,0.0,2026-05-01 06:29:00+00:00,26095.8809,-0.094,2026-05-04 08:08:00+00:00,10375.3701,0.022,2026-05-01 15:29:00+00:00,112.31,-0.204,2026-05-04 15:05:00+00:00,95.067,0.0,2026-05-04 15:02:00+00:00,17.55,0.286,2026-05-04 15:00:00+00:00,24123.8008,0.013,2026-05-04 09:59:00+00:00,98.294,-0.009,2026-05-04 15:05:00+00:00,4.424,0.045,2026-05-04 15:00:00+00:00
2026-05-04 21:01:26 IST,7204.0801,-0.015,2026-05-04 15:31:00+00:00,49114.4805,-0.035,2026-05-04 15:31:00+00:00,25041.207,-0.016,2026-05-04 15:31:00+00:00,59509.5586,0.0,2026-05-01 06:29:00+00:00,26095.8809,-0.094,2026-05-04 08:08:00+00:00,10375.3701,0.022,2026-05-01 15:29:00+00:00,113.88,0.308,2026-05-04 15:21:00+00:00,95.067,0.0,2026-05-04 15:02:00+00:00,17.67,0.113,2026-05-04 15:16:00+00:00,24123.8008,0.013,2026-05-04 09:59:00+00:00,98.417,0.037,2026-05-04 15:21:00+00:00,4.418,-0.045,2026-05-04 15:16:00+00:00
2026-05-04 21:31:10 IST,7198.1299,-0.018,2026-05-04 16:01:00+00:00,49079.75,-0.007,2026-05-04 16:01:00+00:00,25011.8008,-0.023,2026-05-04 16:01:00+00:00,59509.5586,0.0,2026-05-01 06:29:00+00:00,26095.8809,-0.094,2026-05-04 08:08:00+00:00,10375.3701,0.022,2026-05-01 15:29:00+00:00,114.18,-0.114,2026-05-04 15:51:00+00:00,95.067,0.0,2026-05-04 15:02:00+00:00,18.39,0.273,2026-05-04 15:46:00+00:00,24123.8008,0.013,2026-05-04 09:59:00+00:00,98.424,-0.002,2026-05-04 15:51:00+00:00,4.44,0.0,2026-05-04 15:46:00+00:00
2026-05-04 21:45:45 IST,7181.4902,-0.014,2026-05-04 16:15:00+00:00,48953.4883,-0.007,2026-05-04 16:14:00+00:00,24943.9551,-0.025,2026-05-04 16:15:00+00:00,59509.5586,0.0,2026-05-01 06:29:00+00:00,26095.8809,-0.094,2026-05-04 08:08:00+00:00,10375.3701,0.022,2026-05-01 15:29:00+00:00,113.89,-0.009,2026-05-04 16:05:00+00:00,95.067,0.0,2026-05-04 16:11:00+00:00,18.45,0.054,2026-05-04 16:00:00+00:00,24123.8008,0.013,2026-05-04 09:59:00+00:00,98.442,0.011,2026-05-04 16:05:00+00:00,4.442,-0.09,2026-05-04 16:00:00+00:00
2026-05-04 22:00:58 IST,7195.3599,0.039,2026-05-04 16:30:00+00:00,49042.8086,0.049,2026-05-04 16:30:00+00:00,24998.084,0.003,2026-05-04 16:29:00+00:00,59509.5586,0.0,2026-05-01 06:29:00+00:00,26095.8809,-0.094,2026-05-04 08:08:00+00:00,10375.3701,0.022,2026-05-01 15:29:00+00:00,114.2,0.026,2026-05-04 16:20:00+00:00,95.067,0.0,2026-05-04 16:11:00+00:00,18.98,0.37,2026-05-04 16:15:00+00:00,24123.8008,0.013,2026-05-04 09:59:00+00:00,98.439,-0.009,2026-05-04 16:20:00+00:00,4.462,0.045,2026-05-04 16:15:00+00:00
2026-05-04 22:15:51 IST,7192.1299,-0.003,2026-05-04 16:45:00+00:00,48996.1094,0.006,2026-05-04 16:45:00+00:00,25008.6387,-0.006,2026-05-04 16:45:00+00:00,59509.5586,0.0,2026-05-01 06:29:00+00:00,26095.8809,-0.094,2026-05-04 08:08:00+00:00,10375.3701,0.022,2026-05-01 15:29:00+00:00,114.68,0.166,2026-05-04 16:35:00+00:00,95.067,0.0,2026-05-04 16:11:00+00:00,18.7,0.0,2026-05-04 16:30:00+00:00,24123.8008,0.013,2026-05-04 09:59:00+00:00,98.465,0.007,2026-05-04 16:35:00+00:00,4.452,-0.045,2026-05-04 16:30:00+00:00
2026-05-04 22:31:21 IST,,,48950.9297,-0.002,2026-05-04 17:01:00+00:00,25007.2051,-0.013,2026-05-04 17:01:00+00:00,59509.5586,0.0,2026-05-01 06:29:00+00:00,26095.8809,-0.094,2026-05-04 08:08:00+00:00,10375.3701,0.022,2026-05-01 15:29:00+00:00,114.84,0.148,2026-05-04 16:51:00+00:00,95.067,0.0,2026-05-04 16:11:00+00:00,18.8,0.213,2026-05-04 16:46:00+00:00,24123.8008,0.013,2026-05-04 09:59:00+00:00,98.504,-0.001,2026-05-04 16:51:00+00:00,4.454,0.0,2026-05-04 16:46:00+00:00
2026-05-04 22:45:54 IST,7197.46,0.016,2026-05-04 17:14:00+00:00,49015.1406,-0.019,2026-05-04 17:15:00+00:00,25034.2031,-0.011,2026-05-04 17:15:00+00:00,59509.5586,0.0,2026-05-01 06:29:00+00:00,26095.8809,-0.094,2026-05-04 08:08:00+00:00,10375.3701,0.022,2026-05-01 15:29:00+00:00,114.43,0.044,2026-05-04 17:05:00+00:00,95.067,0.0,2026-05-04 17:01:00+00:00,18.84,0.0,2026-05-04 17:00:00+00:00,24123.8008,0.013,2026-05-04 09:59:00+00:00,98.477,-0.018,2026-05-04 17:05:00+00:00,4.454,0.0,2026-05-04 17:00:00+00:00
2026-05-04 23:01:04 IST,7207.7598,0.0,2026-05-04 17:31:00+00:00,49110.8203,0.007,2026-05-04 17:31:00+00:00,25074.459,-0.0,2026-05-04 17:31:00+00:00,59509.5586,0.0,2026-05-01 06:29:00+00:00,26095.8809,-0.094,2026-05-04 08:08:00+00:00,10375.3701,0.022,2026-05-01 15:29:00+00:00,113.74,0.018,2026-05-04 17:21:00+00:00,95.067,0.0,2026-05-04 17:01:00+00:00,18.51,0.0,2026-05-04 17:16:00+00:00,24123.8008,0.013,2026-05-04 09:59:00+00:00,98.453,0.007,2026-05-04 17:21:00+00:00,4.45,0.0,2026-05-04 17:16:00+00:00
2026-05-04 23:16:13 IST,7203.7998,-0.017,2026-05-04 17:45:00+00:00,49066.3984,0.001,2026-05-04 17:46:00+00:00,25068.2695,0.012,2026-05-04 17:46:00+00:00,59509.5586,0.0,2026-05-01 06:29:00+00:00,26095.8809,-0.094,2026-05-04 08:08:00+00:00,10375.3701,0.022,2026-05-01 15:29:00+00:00,113.9,-0.096,2026-05-04 17:36:00+00:00,95.067,0.0,2026-05-04 17:01:00+00:00,18.09,-0.11,2026-05-04 17:31:00+00:00,24123.8008,0.013,2026-05-04 09:59:00+00:00,98.436,0.006,2026-05-04 17:36:00+00:00,4.442,0.045,2026-05-04 17:31:00+00:00
2026-05-04 23:31:08 IST,7207.0498,0.005,2026-05-04 18:01:00+00:00,49032.3516,0.001,2026-05-04 18:01:00+00:00,25092.3555,0.006,2026-05-04 18:01:00+00:00,59509.5586,0.0,2026-05-01 06:29:00+00:00,26095.8809,-0.094,2026-05-04 08:08:00+00:00,10375.3701,0.022,2026-05-01 15:29:00+00:00,113.75,-0.044,2026-05-04 17:50:00+00:00,95.067,0.0,2026-05-04 17:56:00+00:00,18.18,0.055,2026-05-04 17:46:00+00:00,24123.8008,0.013,2026-05-04 09:59:00+00:00,98.448,-0.001,2026-05-04 17:51:00+00:00,4.444,0.0,2026-05-04 17:46:00+00:00
2026-05-04 23:45:53 IST,7206.29,-0.013,2026-05-04 18:15:00+00:00,49045.8906,-0.016,2026-05-04 18:15:00+00:00,25081.5098,-0.021,2026-05-04 18:15:00+00:00,59509.5586,0.0,2026-05-01 06:29:00+00:00,26095.8809,-0.094,2026-05-04 08:08:00+00:00,10375.3701,0.022,2026-05-01 15:29:00+00:00,113.2,-0.106,2026-05-04 18:05:00+00:00,95.08,0.014,2026-05-04 18:06:00+00:00,18.15,0.0,2026-05-04 18:00:00+00:00,24123.8008,0.013,2026-05-04 09:59:00+00:00,98.424,0.0,2026-05-04 18:05:00+00:00,4.446,0.0,2026-05-04 18:00:00+00:00
2026-05-05 00:00:59 IST,7198.8198,-0.025,2026-05-04 18:30:00+00:00,48964.9805,-0.025,2026-05-04 18:30:00+00:00,25064.4766,-0.032,2026-05-04 18:30:00+00:00,59509.5586,0.0,2026-05-01 06:29:00+00:00,26095.8809,-0.094,2026-05-04 08:08:00+00:00,10375.3701,0.022,2026-05-01 15:29:00+00:00,114.18,-0.009,2026-05-04 18:21:00+00:00,95.08,0.014,2026-05-04 18:06:00+00:00,18.16,0.221,2026-05-04 18:15:00+00:00,24123.8008,0.013,2026-05-04 09:59:00+00:00,98.458,-0.004,2026-05-04 18:20:00+00:00,4.446,0.0,2026-05-04 18:15:00+00:00
2026-05-05 00:15:58 IST,7191.7598,-0.023,2026-05-04 18:45:00+00:00,48929.4805,-0.021,2026-05-04 18:45:00+00:00,25025.8203,-0.015,2026-05-04 18:45:00+00:00,59509.5586,0.0,2026-05-01 06:29:00+00:00,26095.8809,-0.094,2026-05-04 08:08:00+00:00,10375.3701,0.022,2026-05-01 15:29:00+00:00,114.31,0.017,2026-05-04 18:35:00+00:00,95.08,0.014,2026-05-04 18:06:00+00:00,18.4,0.327,2026-05-04 18:30:00+00:00,24123.8008,0.013,2026-05-04 09:59:00+00:00,98.455,0.0,2026-05-04 18:35:00+00:00,4.448,0.0,2026-05-04 18:30:00+00:00
2026-05-05 17:31:17 IST,7201.46,0.007,2026-05-04 19:59:00+00:00,48951.3516,0.043,2026-05-04 19:59:00+00:00,25070.2109,0.02,2026-05-04 19:59:00+00:00,59509.5586,0.0,2026-05-01 06:29:00+00:00,25898.6094,0.036,2026-05-05 08:08:00+00:00,10236.4199,0.012,2026-05-05 11:46:00+00:00,112.6,0.107,2026-05-05 11:50:00+00:00,95.28,0.0,2026-05-05 10:27:00+00:00,17.69,0.0,2026-05-05 11:46:00+00:00,24052.1504,0.018,2026-05-05 09:59:00+00:00,98.503,-0.002,2026-05-05 11:51:00+00:00,4.446,-0.045,2026-05-04 18:59:00+00:00
2026-05-05 17:45:53 IST,7201.46,0.007,2026-05-04 19:59:00+00:00,48951.3516,0.043,2026-05-04 19:59:00+00:00,25070.2109,0.02,2026-05-04 19:59:00+00:00,59509.5586,0.0,2026-05-01 06:29:00+00:00,25898.6094,0.036,2026-05-05 08:08:00+00:00,10217.9297,-0.039,2026-05-05 12:00:00+00:00,112.68,-0.142,2026-05-05 12:05:00+00:00,,,17.69,0.057,2026-05-05 12:00:00+00:00,24052.1504,0.018,2026-05-05 09:59:00+00:00,98.528,-0.009,2026-05-05 12:05:00+00:00,4.446,-0.045,2026-05-04 18:59:00+00:00
2026-05-05 18:01:06 IST,7201.46,0.007,2026-05-04 19:59:00+00:00,48951.3516,0.043,2026-05-04 19:59:00+00:00,25070.2109,0.02,2026-05-04 19:59:00+00:00,59509.5586,0.0,2026-05-01 06:29:00+00:00,25898.6094,0.036,2026-05-05 08:08:00+00:00,10226.5098,0.005,2026-05-05 12:16:00+00:00,112.13,0.054,2026-05-05 12:20:00+00:00,95.28,0.0,2026-05-05 10:27:00+00:00,17.62,0.114,2026-05-05 12:16:00+00:00,24052.1504,0.018,2026-05-05 09:59:00+00:00,98.471,-0.003,2026-05-05 12:21:00+00:00,4.446,-0.045,2026-05-04 18:59:00+00:00
2026-05-05 18:15:51 IST,7201.46,0.007,2026-05-04 19:59:00+00:00,48951.3516,0.043,2026-05-04 19:59:00+00:00,25070.2109,0.02,2026-05-04 19:59:00+00:00,59509.5586,0.0,2026-05-01 06:29:00+00:00,25898.6094,0.036,2026-05-05 08:08:00+00:00,10233.1699,-0.022,2026-05-05 12:30:00+00:00,111.89,0.036,2026-05-05 12:35:00+00:00,95.28,0.0,2026-05-05 10:27:00+00:00,17.6,-0.057,2026-05-05 12:30:00+00:00,24052.1504,0.018,2026-05-05 09:59:00+00:00,98.479,0.006,2026-05-05 12:35:00+00:00,4.414,-0.045,2026-05-05 12:30:00+00:00
2026-05-05 18:31:24 IST,7201.46,0.007,2026-05-04 19:59:00+00:00,48951.3516,0.043,2026-05-04 19:59:00+00:00,25070.2109,0.02,2026-05-04 19:59:00+00:00,59509.5586,0.0,2026-05-01 06:29:00+00:00,25898.6094,0.036,2026-05-05 08:08:00+00:00,10226.04,-0.016,2026-05-05 12:46:00+00:00,112.14,-0.009,2026-05-05 12:51:00+00:00,95.26,-0.021,2026-05-05 12:46:00+00:00,17.62,0.0,2026-05-05 12:46:00+00:00,24052.1504,0.018,2026-05-05 09:59:00+00:00,98.501,0.003,2026-05-05 12:51:00+00:00,4.42,0.0,2026-05-05 12:46:00+00:00
2026-05-05 18:45:56 IST,7201.46,0.007,2026-05-04 19:59:00+00:00,48951.3516,0.043,2026-05-04 19:59:00+00:00,25070.2109,0.02,2026-05-04 19:59:00+00:00,59509.5586,0.0,2026-05-01 06:29:00+00:00,25898.6094,0.036,2026-05-05 08:08:00+00:00,10217.54,0.008,2026-05-05 13:00:00+00:00,111.68,-0.206,2026-05-05 13:05:00+00:00,95.26,-0.021,2026-05-05 12:46:00+00:00,17.59,0.171,2026-05-05 13:00:00+00:00,24052.1504,0.018,2026-05-05 09:59:00+00:00,98.442,-0.021,2026-05-05 13:05:00+00:00,4.426,0.045,2026-05-05 13:00:00+00:00
2026-05-05 19:01:12 IST,7239.2998,-0.045,2026-05-05 13:31:00+00:00,49204.1797,0.013,2026-05-05 13:31:00+00:00,25217.1602,-0.182,2026-05-05 13:31:00+00:00,59509.5586,0.0,2026-05-01 06:29:00+00:00,25898.6094,0.036,2026-05-05 08:08:00+00:00,10228.46,0.021,2026-05-05 13:16:00+00:00,111.46,0.072,2026-05-05 13:21:00+00:00,95.26,-0.021,2026-05-05 12:46:00+00:00,17.47,0.057,2026-05-05 13:16:00+00:00,24052.1504,0.018,2026-05-05 09:59:00+00:00,98.398,0.007,2026-05-05 13:21:00+00:00,4.422,0.0,2026-05-05 13:16:00+00:00
2026-05-05 19:15:55 IST,7245.1001,0.035,2026-05-05 13:44:00+00:00,49050.1719,0.01,2026-05-05 13:45:00+00:00,25324.6895,0.075,2026-05-05 13:45:00+00:00,59509.5586,0.0,2026-05-01 06:29:00+00:00,25898.6094,0.036,2026-05-05 08:08:00+00:00,10212.5996,-0.062,2026-05-05 13:30:00+00:00,111.35,0.144,2026-05-05 13:35:00+00:00,95.26,-0.021,2026-05-05 12:46:00+00:00,17.52,0.057,2026-05-05 13:25:00+00:00,24052.1504,0.018,2026-05-05 09:59:00+00:00,98.415,0.01,2026-05-05 13:35:00+00:00,4.426,0.045,2026-05-05 13:30:00+00:00
2026-05-05 19:31:23 IST,7248.71,0.017,2026-05-05 14:01:00+00:00,49186.1602,0.005,2026-05-05 14:00:00+00:00,25270.1172,0.038,2026-05-05 14:01:00+00:00,59509.5586,0.0,2026-05-01 06:29:00+00:00,25898.6094,0.036,2026-05-05 08:08:00+00:00,10182.2803,-0.005,2026-05-05 13:46:00+00:00,111.07,0.072,2026-05-05 13:51:00+00:00,,,17.34,-0.115,2026-05-05 13:46:00+00:00,24052.1504,0.018,2026-05-05 09:59:00+00:00,98.423,-0.001,2026-05-05 13:51:00+00:00,4.426,0.045,2026-05-05 13:46:00+00:00
2026-05-05 19:46:04 IST,7244.7598,-0.007,2026-05-05 14:16:00+00:00,49184.5312,-0.005,2026-05-05 14:16:00+00:00,25241.2871,-0.012,2026-05-05 14:16:00+00:00,59509.5586,0.0,2026-05-01 06:29:00+00:00,25898.6094,0.036,2026-05-05 08:08:00+00:00,10196.5303,-0.003,2026-05-05 14:01:00+00:00,110.91,0.172,2026-05-05 14:05:00+00:00,95.26,0.0,2026-05-05 13:52:00+00:00,17.45,-0.172,2026-05-05 14:01:00+00:00,24052.1504,0.018,2026-05-05 09:59:00+00:00,98.431,-0.001,2026-05-05 14:06:00+00:00,4.418,0.0,2026-05-05 14:01:00+00:00
2026-05-05 20:01:16 IST,7254.3398,-0.023,2026-05-05 14:31:00+00:00,49216.6094,-0.008,2026-05-05 14:31:00+00:00,25317.5176,-0.007,2026-05-05 14:31:00+00:00,59509.5586,0.0,2026-05-01 06:29:00+00:00,25898.6094,0.036,2026-05-05 08:08:00+00:00,10181.5996,-0.03,2026-05-05 14:16:00+00:00,111.59,-0.072,2026-05-05 14:21:00+00:00,95.26,0.0,2026-05-05 14:25:00+00:00,17.56,-0.284,2026-05-05 14:16:00+00:00,24052.1504,0.018,2026-05-05 09:59:00+00:00,98.46,-0.005,2026-05-05 14:21:00+00:00,4.418,0.0,2026-05-05 14:16:00+00:00
2026-05-05 20:15:58 IST,7249.6699,-0.013,2026-05-05 14:45:00+00:00,49201.5391,-0.019,2026-05-05 14:45:00+00:00,25285.293,-0.0,2026-05-05 14:45:00+00:00,59509.5586,0.0,2026-05-01 06:29:00+00:00,25898.6094,0.036,2026-05-05 08:08:00+00:00,10171.8301,-0.062,2026-05-05 14:30:00+00:00,111.3,0.144,2026-05-05 14:35:00+00:00,95.26,0.0,2026-05-05 14:25:00+00:00,17.38,0.115,2026-05-05 14:30:00+00:00,24052.1504,0.018,2026-05-05 09:59:00+00:00,98.418,0.002,2026-05-05 14:35:00+00:00,4.418,0.0,2026-05-05 14:30:00+00:00
2026-05-05 20:31:23 IST,7254.2998,0.001,2026-05-05 15:01:00+00:00,49277.8086,0.019,2026-05-05 15:01:00+00:00,25281.209,-0.003,2026-05-05 15:01:00+00:00,59509.5586,0.0,2026-05-01 06:29:00+00:00,25898.6094,0.036,2026-05-05 08:08:00+00:00,10180.3301,-0.013,2026-05-05 14:46:00+00:00,111.14,0.081,2026-05-05 14:51:00+00:00,95.26,0.0,2026-05-05 14:25:00+00:00,17.4,-0.057,2026-05-05 14:46:00+00:00,24052.1504,0.018,2026-05-05 09:59:00+00:00,98.407,0.008,2026-05-05 14:51:00+00:00,4.42,0.0,2026-05-05 14:46:00+00:00
2026-05-05 20:45:45 IST,7259.6201,0.019,2026-05-05 15:14:00+00:00,49267.8398,-0.017,2026-05-05 15:14:00+00:00,25317.3105,0.01,2026-05-05 15:15:00+00:00,59509.5586,0.0,2026-05-01 06:29:00+00:00,25898.6094,0.036,2026-05-05 08:08:00+00:00,10182.5098,-0.012,2026-05-05 15:00:00+00:00,110.67,0.027,2026-05-05 15:05:00+00:00,95.26,0.0,2026-05-05 14:25:00+00:00,17.39,-0.057,2026-05-05 15:00:00+00:00,24052.1504,0.018,2026-05-05 09:59:00+00:00,98.338,0.004,2026-05-05 15:05:00+00:00,4.418,0.0,2026-05-05 15:00:00+00:00
2026-05-05 21:01:04 IST,7256.6401,-0.001,2026-05-05 15:31:00+00:00,49219.9297,-0.004,2026-05-05 15:31:00+00:00,25310.9062,0.001,2026-05-05 15:30:00+00:00,59509.5586,0.0,2026-05-01 06:29:00+00:00,25898.6094,0.036,2026-05-05 08:08:00+00:00,10204.75,0.032,2026-05-05 15:15:00+00:00,111.03,0.027,2026-05-05 15:21:00+00:00,95.19,-0.073,2026-05-05 15:19:00+00:00,17.43,0.057,2026-05-05 15:16:00+00:00,24052.1504,0.018,2026-05-05 09:59:00+00:00,98.392,-0.001,2026-05-05 15:21:00+00:00,4.418,0.0,2026-05-05 15:16:00+00:00
2026-05-05 21:15:55 IST,7255.52,0.018,2026-05-05 15:45:00+00:00,49176.5781,-0.003,2026-05-05 15:44:00+00:00,25319.3516,0.006,2026-05-05 15:45:00+00:00,59509.5586,0.0,2026-05-01 06:29:00+00:00,25898.6094,0.036,2026-05-05 08:08:00+00:00,10217.04,0.018,2026-05-05 15:28:00+00:00,110.22,-0.308,2026-05-05 15:35:00+00:00,95.19,-0.073,2026-05-05 15:19:00+00:00,17.49,0.0,2026-05-05 15:30:00+00:00,24052.1504,0.018,2026-05-05 09:59:00+00:00,98.358,-0.017,2026-05-05 15:35:00+00:00,4.41,-0.091,2026-05-05 15:30:00+00:00
2026-05-05 21:31:28 IST,7253.8398,-0.007,2026-05-05 16:01:00+00:00,49188.1094,-0.001,2026-05-05 16:01:00+00:00,25295.1055,-0.008,2026-05-05 16:01:00+00:00,59509.5586,0.0,2026-05-01 06:29:00+00:00,25898.6094,0.036,2026-05-05 08:08:00+00:00,10219.7197,0.026,2026-05-05 15:29:00+00:00,110.08,0.073,2026-05-05 15:51:00+00:00,95.27,0.0,2026-05-05 15:59:00+00:00,17.51,-0.057,2026-05-05 15:46:00+00:00,24052.1504,0.018,2026-05-05 09:59:00+00:00,98.328,0.004,2026-05-05 15:51:00+00:00,,
2026-05-05 21:45:52 IST,7258.6401,0.002,2026-05-05 16:15:00+00:00,49206.9883,0.017,2026-05-05 16:15:00+00:00,25314.6992,-0.01,2026-05-05 16:15:00+00:00,59509.5586,0.0,2026-05-01 06:29:00+00:00,25898.6094,0.036,2026-05-05 08:08:00+00:00,10219.7197,0.026,2026-05-05 15:29:00+00:00,110.52,-0.009,2026-05-05 16:05:00+00:00,95.27,0.0,2026-05-05 16:03:00+00:00,17.53,-0.057,2026-05-05 16:00:00+00:00,24052.1504,0.018,2026-05-05 09:59:00+00:00,98.365,0.009,2026-05-05 16:05:00+00:00,4.408,-0.045,2026-05-05 16:00:00+00:00
2026-05-05 22:01:07 IST,7258.77,0.0,2026-05-05 16:30:00+00:00,49209.6602,-0.033,2026-05-05 16:30:00+00:00,25302.6387,-0.01,2026-05-05 16:31:00+00:00,59509.5586,0.0,2026-05-01 06:29:00+00:00,25898.6094,0.036,2026-05-05 08:08:00+00:00,10219.7197,0.026,2026-05-05 15:29:00+00:00,110.45,0.054,2026-05-05 16:20:00+00:00,95.27,0.0,2026-05-05 16:03:00+00:00,17.48,0.0,2026-05-05 16:16:00+00:00,24052.1504,0.018,2026-05-05 09:59:00+00:00,98.403,0.0,2026-05-05 16:21:00+00:00,4.408,0.0,2026-05-05 16:16:00+00:00
2026-05-05 22:15:53 IST,7258.5298,0.013,2026-05-05 16:45:00+00:00,49199.4609,-0.003,2026-05-05 16:45:00+00:00,25304.0508,0.021,2026-05-05 16:45:00+00:00,59509.5586,0.0,2026-05-01 06:29:00+00:00,25898.6094,0.036,2026-05-05 08:08:00+00:00,10219.7197,0.026,2026-05-05 15:29:00+00:00,110.43,-0.127,2026-05-05 16:35:00+00:00,95.27,0.0,2026-05-05 16:03:00+00:00,17.45,0.0,2026-05-05 16:30:00+00:00,24052.1504,0.018,2026-05-05 09:59:00+00:00,98.421,-0.012,2026-05-05 16:35:00+00:00,4.412,0.0,2026-05-05 16:30:00+00:00
2026-05-05 22:31:20 IST,7258.1699,0.002,2026-05-05 17:01:00+00:00,49190.5,-0.002,2026-05-05 17:01:00+00:00,25303.2344,0.008,2026-05-05 17:01:00+00:00,59509.5586,0.0,2026-05-01 06:29:00+00:00,25898.6094,0.036,2026-05-05 08:08:00+00:00,10219.7197,0.026,2026-05-05 15:29:00+00:00,110.38,0.073,2026-05-05 16:51:00+00:00,95.27,0.0,2026-05-05 16:03:00+00:00,17.43,0.0,2026-05-05 16:46:00+00:00,24052.1504,0.018,2026-05-05 09:59:00+00:00,98.42,0.002,2026-05-05 16:51:00+00:00,4.414,0.0,2026-05-05 16:46:00+00:00
2026-05-05 22:45:44 IST,7256.3301,0.008,2026-05-05 17:14:00+00:00,49190.9805,-0.002,2026-05-05 17:14:00+00:00,25294.7285,0.02,2026-05-05 17:15:00+00:00,59509.5586,0.0,2026-05-01 06:29:00+00:00,25898.6094,0.036,2026-05-05 08:08:00+00:00,10219.7197,0.026,2026-05-05 15:29:00+00:00,110.34,-0.045,2026-05-05 17:05:00+00:00,95.27,0.0,2026-05-05 16:03:00+00:00,17.41,0.0,2026-05-05 17:00:00+00:00,24052.1504,0.018,2026-05-05 09:59:00+00:00,98.429,0.0,2026-05-05 17:05:00+00:00,4.414,0.0,2026-05-05 17:00:00+00:00
2026-05-05 23:01:02 IST,7261.8198,-0.003,2026-05-05 17:31:00+00:00,49261.0703,-0.002,2026-05-05 17:31:00+00:00,25315.5391,-0.006,2026-05-05 17:31:00+00:00,59509.5586,0.0,2026-05-01 06:29:00+00:00,25898.6094,0.036,2026-05-05 08:08:00+00:00,10219.7197,0.026,2026-05-05 15:29:00+00:00,110.11,0.1,2026-05-05 17:20:00+00:00,95.18,-0.094,2026-05-05 17:30:00+00:00,17.37,-0.115,2026-05-05 17:15:00+00:00,24052.1504,0.018,2026-05-05 09:59:00+00:00,98.453,0.001,2026-05-05 17:21:00+00:00,4.416,0.0,2026-05-05 17:15:00+00:00
2026-05-05 23:15:55 IST,7262.23,0.004,2026-05-05 17:45:00+00:00,49245.1094,-0.005,2026-05-05 17:45:00+00:00,25319.6523,0.008,2026-05-05 17:45:00+00:00,59509.5586,0.0,2026-05-01 06:29:00+00:00,25898.6094,0.036,2026-05-05 08:08:00+00:00,10219.7197,0.026,2026-05-05 15:29:00+00:00,109.72,-0.073,2026-05-05 17:35:00+00:00,95.175,-0.005,2026-05-05 17:36:00+00:00,17.27,-0.058,2026-05-05 17:30:00+00:00,24052.1504,0.018,2026-05-05 09:59:00+00:00,98.425,0.0,2026-05-05 17:35:00+00:00,4.414,-0.045,2026-05-05 17:30:00+00:00
2026-05-05 23:31:06 IST,7263.3999,-0.006,2026-05-05 18:01:00+00:00,49257.6602,0.009,2026-05-05 18:00:00+00:00,25327.9863,-0.005,2026-05-05 18:01:00+00:00,59509.5586,0.0,2026-05-01 06:29:00+00:00,25898.6094,0.036,2026-05-05 08:08:00+00:00,10219.7197,0.026,2026-05-05 15:29:00+00:00,109.93,0.064,2026-05-05 17:50:00+00:00,95.175,-0.005,2026-05-05 17:36:00+00:00,17.24,0.0,2026-05-05 17:46:00+00:00,24052.1504,0.018,2026-05-05 09:59:00+00:00,98.435,0.0,2026-05-05 17:51:00+00:00,4.416,0.0,2026-05-05 17:46:00+00:00
2026-05-05 23:45:54 IST,7269.4399,0.005,2026-05-05 18:15:00+00:00,49302.5312,0.007,2026-05-05 18:15:00+00:00,25349.4023,-0.011,2026-05-05 18:15:00+00:00,59509.5586,0.0,2026-05-01 06:29:00+00:00,25898.6094,0.036,2026-05-05 08:08:00+00:00,10219.7197,0.026,2026-05-05 15:29:00+00:00,110.16,-0.018,2026-05-05 18:05:00+00:00,95.175,-0.005,2026-05-05 17:36:00+00:00,17.25,0.0,2026-05-05 18:00:00+00:00,24052.1504,0.018,2026-05-05 09:59:00+00:00,98.44,-0.001,2026-05-05 18:05:00+00:00,4.416,0.0,2026-05-05 18:00:00+00:00
2026-05-06 00:01:05 IST,7268.4399,0.003,2026-05-05 18:31:00+00:00,49304.1016,-0.002,2026-05-05 18:31:00+00:00,25349.5586,0.01,2026-05-05 18:31:00+00:00,59509.5586,0.0,2026-05-01 06:29:00+00:00,25898.6094,0.036,2026-05-05 08:08:00+00:00,10219.7197,0.026,2026-05-05 15:29:00+00:00,110.29,-0.009,2026-05-05 18:20:00+00:00,95.175,-0.005,2026-05-05 17:36:00+00:00,17.23,0.058,2026-05-05 18:16:00+00:00,24052.1504,0.018,2026-05-05 09:59:00+00:00,98.45,-0.001,2026-05-05 18:21:00+00:00,4.416,0.045,2026-05-05 18:16:00+00:00
2026-05-06 00:15:47 IST,7266.1699,0.003,2026-05-05 18:44:00+00:00,49269.5586,0.002,2026-05-05 18:45:00+00:00,25345.4043,0.001,2026-05-05 18:45:00+00:00,59509.5586,0.0,2026-05-01 06:29:00+00:00,25898.6094,0.036,2026-05-05 08:08:00+00:00,10219.7197,0.026,2026-05-05 15:29:00+00:00,109.93,0.009,2026-05-05 18:35:00+00:00,95.175,0.0,2026-05-05 18:37:00+00:00,17.3,0.0,2026-05-05 18:30:00+00:00,24052.1504,0.018,2026-05-05 09:59:00+00:00,98.457,-0.008,2026-05-05 18:35:00+00:00,4.418,0.0,2026-05-05 18:30:00+00:00
2026-05-06 17:31:07 IST,7259.4702,0.0,2026-05-05 19:59:00+00:00,49298.3398,0.024,2026-05-05 19:59:00+00:00,25327.5,-0.005,2026-05-05 19:59:00+00:00,59509.5586,0.0,2026-05-01 06:29:00+00:00,26213.7793,0.049,2026-05-06 08:08:00+00:00,10474.1699,-0.001,2026-05-06 11:46:00+00:00,99.6,0.03,2026-05-06 11:51:00+00:00,94.61,-0.003,2026-05-06 10:08:00+00:00,16.35,0.184,2026-05-06 11:46:00+00:00,24339.3008,-0.014,2026-05-06 09:59:00+00:00,97.815,0.006,2026-05-06 11:51:00+00:00,4.416,0.045,2026-05-05 18:59:00+00:00
2026-05-06 17:45:44 IST,7259.4702,0.0,2026-05-05 19:59:00+00:00,49298.3398,0.024,2026-05-05 19:59:00+00:00,25327.5,-0.005,2026-05-05 19:59:00+00:00,59509.5586,0.0,2026-05-01 06:29:00+00:00,26213.7793,0.049,2026-05-06 08:08:00+00:00,10476.54,-0.033,2026-05-06 12:00:00+00:00,100.71,-0.04,2026-05-06 12:05:00+00:00,94.61,-0.003,2026-05-06 10:08:00+00:00,16.45,0.061,2026-05-06 12:00:00+00:00,24339.3008,-0.014,2026-05-06 09:59:00+00:00,97.893,0.011,2026-05-06 12:05:00+00:00,4.416,0.045,2026-05-05 18:59:00+00:00
2026-05-06 18:01:09 IST,7259.4702,0.0,2026-05-05 19:59:00+00:00,49298.3398,0.024,2026-05-05 19:59:00+00:00,25327.5,-0.005,2026-05-05 19:59:00+00:00,59509.5586,0.0,2026-05-01 06:29:00+00:00,26213.7793,0.049,2026-05-06 08:08:00+00:00,10442.4102,-0.019,2026-05-06 12:16:00+00:00,102.74,-0.204,2026-05-06 12:21:00+00:00,94.61,-0.003,2026-05-06 10:08:00+00:00,16.55,-0.06,2026-05-06 12:16:00+00:00,24339.3008,-0.014,2026-05-06 09:59:00+00:00,97.902,0.001,2026-05-06 12:21:00+00:00,4.416,0.045,2026-05-05 18:59:00+00:00
2026-05-06 18:15:46 IST,7259.4702,0.0,2026-05-05 19:59:00+00:00,49298.3398,0.024,2026-05-05 19:59:00+00:00,25327.5,-0.005,2026-05-05 19:59:00+00:00,59509.5586,0.0,2026-05-01 06:29:00+00:00,26213.7793,0.049,2026-05-06 08:08:00+00:00,10446.2402,0.012,2026-05-06 12:30:00+00:00,102.71,0.117,2026-05-06 12:35:00+00:00,94.61,-0.003,2026-05-06 10:08:00+00:00,16.55,-0.06,2026-05-06 12:30:00+00:00,24339.3008,-0.014,2026-05-06 09:59:00+00:00,97.912,0.016,2026-05-06 12:35:00+00:00,4.356,-0.046,2026-05-06 12:30:00+00:00
2026-05-06 18:31:22 IST,7259.4702,0.0,2026-05-05 19:59:00+00:00,49298.3398,0.024,2026-05-05 19:59:00+00:00,25327.5,-0.005,2026-05-05 19:59:00+00:00,59509.5586,0.0,2026-05-01 06:29:00+00:00,26213.7793,0.049,2026-05-06 08:08:00+00:00,10451.29,0.015,2026-05-06 12:46:00+00:00,102.68,0.078,2026-05-06 12:51:00+00:00,94.61,-0.003,2026-05-06 10:08:00+00:00,16.69,-0.06,2026-05-06 12:46:00+00:00,24339.3008,-0.014,2026-05-06 09:59:00+00:00,97.92,0.007,2026-05-06 12:51:00+00:00,4.354,0.0,2026-05-06 12:46:00+00:00
2026-05-06 18:45:54 IST,7259.4702,0.0,2026-05-05 19:59:00+00:00,49298.3398,0.024,2026-05-05 19:59:00+00:00,25327.5,-0.005,2026-05-05 19:59:00+00:00,59509.5586,0.0,2026-05-01 06:29:00+00:00,26213.7793,0.049,2026-05-06 08:08:00+00:00,10445.6904,-0.016,2026-05-06 13:00:00+00:00,103.19,-0.058,2026-05-06 13:05:00+00:00,94.61,-0.003,2026-05-06 10:08:00+00:00,16.79,0.359,2026-05-06 13:00:00+00:00,24339.3008,-0.014,2026-05-06 09:59:00+00:00,97.95,0.002,2026-05-06 13:05:00+00:00,4.358,0.092,2026-05-06 13:00:00+00:00
2026-05-06 19:01:06 IST,7304.3799,0.007,2026-05-06 13:31:00+00:00,49805.1016,-0.022,2026-05-06 13:31:00+00:00,25485.6406,0.067,2026-05-06 13:31:00+00:00,59509.5586,0.0,2026-05-01 06:29:00+00:00,26213.7793,0.049,2026-05-06 08:08:00+00:00,10448.9199,-0.001,2026-05-06 13:16:00+00:00,103.38,-0.077,2026-05-06 13:21:00+00:00,94.61,-0.003,2026-05-06 10:08:00+00:00,16.83,0.0,2026-05-06 13:16:00+00:00,24339.3008,-0.014,2026-05-06 09:59:00+00:00,97.961,-0.001,2026-05-06 13:21:00+00:00,4.362,0.0,2026-05-06 13:16:00+00:00
2026-05-06 19:15:45 IST,7314.0601,-0.017,2026-05-06 13:45:00+00:00,49756.4883,-0.049,2026-05-06 13:45:00+00:00,25568.5371,-0.002,2026-05-06 13:45:00+00:00,59509.5586,0.0,2026-05-01 06:29:00+00:00,26213.7793,0.049,2026-05-06 08:08:00+00:00,10445.46,0.065,2026-05-06 13:30:00+00:00,102.61,-0.029,2026-05-06 13:35:00+00:00,94.6,-0.011,2026-05-06 13:31:00+00:00,16.86,-0.059,2026-05-06 13:25:00+00:00,24339.3008,-0.014,2026-05-06 09:59:00+00:00,97.949,0.004,2026-05-06 13:35:00+00:00,4.362,0.0,2026-05-06 13:30:00+00:00
2026-05-06 19:31:12 IST,7320.04,-0.022,2026-05-06 14:01:00+00:00,49847.3516,0.009,2026-05-06 14:01:00+00:00,25581.082,-0.049,2026-05-06 14:01:00+00:00,59509.5586,0.0,2026-05-01 06:29:00+00:00,26213.7793,0.049,2026-05-06 08:08:00+00:00,10431.4102,0.005,2026-05-06 13:46:00+00:00,103.03,0.058,2026-05-06 13:51:00+00:00,94.6,0.0,2026-05-06 14:00:00+00:00,17.08,0.0,2026-05-06 13:46:00+00:00,24339.3008,-0.014,2026-05-06 09:59:00+00:00,97.976,0.003,2026-05-06 13:51:00+00:00,4.37,0.0,2026-05-06 13:46:00+00:00
2026-05-06 19:45:47 IST,7323.79,0.002,2026-05-06 14:14:00+00:00,49768.3086,-0.023,2026-05-06 14:14:00+00:00,25620.3926,-0.037,2026-05-06 14:15:00+00:00,59509.5586,0.0,2026-05-01 06:29:00+00:00,26213.7793,0.049,2026-05-06 08:08:00+00:00,10436.6299,0.037,2026-05-06 14:00:00+00:00,102.73,0.01,2026-05-06 14:05:00+00:00,94.6,0.0,2026-05-06 14:00:00+00:00,17.14,-0.058,2026-05-06 14:00:00+00:00,24339.3008,-0.014,2026-05-06 09:59:00+00:00,97.974,-0.008,2026-05-06 14:05:00+00:00,4.364,-0.046,2026-05-06 14:00:00+00:00
2026-05-06 20:01:08 IST,7325.2202,-0.013,2026-05-06 14:31:00+00:00,49867.3281,0.001,2026-05-06 14:31:00+00:00,25598.916,0.006,2026-05-06 14:31:00+00:00,59509.5586,0.0,2026-05-01 06:29:00+00:00,26213.7793,0.049,2026-05-06 08:08:00+00:00,10441.71,-0.001,2026-05-06 14:16:00+00:00,101.9,0.0,2026-05-06 14:21:00+00:00,94.6,0.0,2026-05-06 14:23:00+00:00,16.93,0.0,2026-05-06 14:16:00+00:00,24339.3008,-0.014,2026-05-06 09:59:00+00:00,97.99,-0.001,2026-05-06 14:21:00+00:00,4.36,0.0,2026-05-06 14:16:00+00:00
2026-05-06 20:15:55 IST,7342.1299,0.004,2026-05-06 14:45:00+00:00,49906.2305,-0.043,2026-05-06 14:45:00+00:00,25677.457,0.026,2026-05-06 14:45:00+00:00,59509.5586,0.0,2026-05-01 06:29:00+00:00,26213.7793,0.049,2026-05-06 08:08:00+00:00,10437.6504,0.036,2026-05-06 14:30:00+00:00,102.08,-0.02,2026-05-06 14:35:00+00:00,94.6,0.0,2026-05-06 14:23:00+00:00,16.97,-0.118,2026-05-06 14:30:00+00:00,24339.3008,-0.014,2026-05-06 09:59:00+00:00,97.951,-0.004,2026-05-06 14:35:00+00:00,4.362,-0.092,2026-05-06 14:30:00+00:00
2026-05-06 20:31:23 IST,7345.6099,0.009,2026-05-06 15:00:00+00:00,49963.1094,0.018,2026-05-06 15:01:00+00:00,25687.9707,0.012,2026-05-06 15:01:00+00:00,59509.5586,0.0,2026-05-01 06:29:00+00:00,26213.7793,0.049,2026-05-06 08:08:00+00:00,10438.5498,-0.011,2026-05-06 14:46:00+00:00,102.15,0.02,2026-05-06 14:51:00+00:00,94.6,0.0,2026-05-06 14:23:00+00:00,16.94,0.0,2026-05-06 14:46:00+00:00,24339.3008,-0.014,2026-05-06 09:59:00+00:00,97.927,-0.01,2026-05-06 14:51:00+00:00,4.352,0.0,2026-05-06 14:46:00+00:00
2026-05-06 20:45:53 IST,7340.73,0.005,2026-05-06 15:15:00+00:00,49910.5195,-0.028,2026-05-06 15:15:00+00:00,25667.1133,0.034,2026-05-06 15:15:00+00:00,59509.5586,0.0,2026-05-01 06:29:00+00:00,26213.7793,0.049,2026-05-06 08:08:00+00:00,10435.9199,-0.012,2026-05-06 15:00:00+00:00,101.72,-0.029,2026-05-06 15:05:00+00:00,94.6,0.0,2026-05-06 14:23:00+00:00,17.03,0.059,2026-05-06 15:00:00+00:00,24339.3008,-0.014,2026-05-06 09:59:00+00:00,97.976,0.001,2026-05-06 15:05:00+00:00,4.358,0.046,2026-05-06 15:00:00+00:00
2026-05-06 21:01:01 IST,7343.9502,-0.002,2026-05-06 15:30:00+00:00,49884.4297,0.005,2026-05-06 15:30:00+00:00,25702.3047,0.017,2026-05-06 15:30:00+00:00,59509.5586,0.0,2026-05-01 06:29:00+00:00,26213.7793,0.049,2026-05-06 08:08:00+00:00,10435.7598,-0.032,2026-05-06 15:15:00+00:00,101.67,-0.128,2026-05-06 15:20:00+00:00,94.6,0.0,2026-05-06 14:23:00+00:00,17.13,-0.058,2026-05-06 15:15:00+00:00,24339.3008,-0.014,2026-05-06 09:59:00+00:00,97.998,0.001,2026-05-06 15:21:00+00:00,4.354,-0.092,2026-05-06 15:15:00+00:00
2026-05-06 21:15:59 IST,7337.8901,0.007,2026-05-06 15:45:00+00:00,49823.5781,-0.021,2026-05-06 15:45:00+00:00,25693.2188,-0.009,2026-05-06 15:45:00+00:00,59509.5586,0.0,2026-05-01 06:29:00+00:00,26213.7793,0.049,2026-05-06 08:08:00+00:00,10446.4297,-0.031,2026-05-06 15:28:00+00:00,101.58,0.168,2026-05-06 15:35:00+00:00,94.6,0.0,2026-05-06 14:23:00+00:00,17.26,0.0,2026-05-06 15:30:00+00:00,24339.3008,-0.014,2026-05-06 09:59:00+00:00,97.987,0.022,2026-05-06 15:35:00+00:00,4.348,-0.046,2026-05-06 15:30:00+00:00
2026-05-06 21:31:24 IST,7339.8599,0.01,2026-05-06 16:01:00+00:00,49833.6289,0.007,2026-05-06 16:01:00+00:00,25697.4707,0.013,2026-05-06 16:01:00+00:00,59509.5586,0.0,2026-05-01 06:29:00+00:00,26213.7793,0.049,2026-05-06 08:08:00+00:00,10441.7305,-0.045,2026-05-06 15:29:00+00:00,102.31,0.108,2026-05-06 15:51:00+00:00,94.6,0.0,2026-05-06 14:23:00+00:00,17.22,-0.232,2026-05-06 15:46:00+00:00,24339.3008,-0.014,2026-05-06 09:59:00+00:00,97.977,0.004,2026-05-06 15:51:00+00:00,4.354,-0.046,2026-05-06 15:46:00+00:00
2026-05-06 21:45:57 IST,7342.9199,-0.006,2026-05-06 16:14:00+00:00,49786.1016,0.002,2026-05-06 16:15:00+00:00,25731.5273,0.008,2026-05-06 16:15:00+00:00,59509.5586,0.0,2026-05-01 06:29:00+00:00,26213.7793,0.049,2026-05-06 08:08:00+00:00,10441.7305,-0.045,2026-05-06 15:29:00+00:00,102.17,-0.049,2026-05-06 16:05:00+00:00,94.6,0.0,2026-05-06 14:23:00+00:00,17.24,0.058,2026-05-06 16:00:00+00:00,24339.3008,-0.014,2026-05-06 09:59:00+00:00,98.01,-0.01,2026-05-06 16:05:00+00:00,4.354,0.0,2026-05-06 16:00:00+00:00
2026-05-06 22:01:18 IST,7341.6699,0.008,2026-05-06 16:31:00+00:00,49816.7383,0.024,2026-05-06 16:31:00+00:00,25720.3379,0.004,2026-05-06 16:31:00+00:00,59509.5586,0.0,2026-05-01 06:29:00+00:00,26213.7793,0.049,2026-05-06 08:08:00+00:00,10441.7305,-0.045,2026-05-06 15:29:00+00:00,101.77,-0.059,2026-05-06 16:21:00+00:00,94.6,0.0,2026-05-06 14:23:00+00:00,17.17,-0.058,2026-05-06 16:16:00+00:00,24339.3008,-0.014,2026-05-06 09:59:00+00:00,98.02,0.0,2026-05-06 16:21:00+00:00,4.354,0.0,2026-05-06 16:16:00+00:00
2026-05-06 22:15:46 IST,,,49815.9492,0.004,2026-05-06 16:45:00+00:00,25708.4648,-0.002,2026-05-06 16:45:00+00:00,59509.5586,0.0,2026-05-01 06:29:00+00:00,26213.7793,0.049,2026-05-06 08:08:00+00:00,10441.7305,-0.045,2026-05-06 15:29:00+00:00,101.48,-0.03,2026-05-06 16:35:00+00:00,94.6,0.0,2026-05-06 14:23:00+00:00,17.23,0.058,2026-05-06 16:30:00+00:00,24339.3008,-0.014,2026-05-06 09:59:00+00:00,98.014,-0.003,2026-05-06 16:35:00+00:00,4.354,0.046,2026-05-06 16:30:00+00:00
2026-05-06 22:31:25 IST,7331.77,0.011,2026-05-06 17:01:00+00:00,49777.7383,0.006,2026-05-06 17:01:00+00:00,25682.9004,0.009,2026-05-06 17:01:00+00:00,59509.5586,0.0,2026-05-01 06:29:00+00:00,26213.7793,0.049,2026-05-06 08:08:00+00:00,10441.7305,-0.045,2026-05-06 15:29:00+00:00,102.2,0.078,2026-05-06 16:51:00+00:00,94.61,0.011,2026-05-06 16:51:00+00:00,17.24,0.0,2026-05-06 16:46:00+00:00,24339.3008,-0.014,2026-05-06 09:59:00+00:00,98.041,0.011,2026-05-06 16:51:00+00:00,4.354,0.0,2026-05-06 16:46:00+00:00
2026-05-06 22:45:51 IST,7338.9902,-0.005,2026-05-06 17:15:00+00:00,49793.2617,-0.009,2026-05-06 17:15:00+00:00,25725.3223,-0.01,2026-05-06 17:15:00+00:00,59509.5586,0.0,2026-05-01 06:29:00+00:00,26213.7793,0.049,2026-05-06 08:08:00+00:00,10441.7305,-0.045,2026-05-06 15:29:00+00:00,101.93,0.029,2026-05-06 17:05:00+00:00,94.61,0.011,2026-05-06 16:51:00+00:00,17.17,0.117,2026-05-06 17:00:00+00:00,24339.3008,-0.014,2026-05-06 09:59:00+00:00,98.017,-0.006,2026-05-06 17:05:00+00:00,4.362,0.046,2026-05-06 17:00:00+00:00
2026-05-06 23:00:57 IST,7340.1299,0.003,2026-05-06 17:29:00+00:00,49817.5195,0.014,2026-05-06 17:30:00+00:00,25731.2559,0.01,2026-05-06 17:30:00+00:00,59509.5586,0.0,2026-05-01 06:29:00+00:00,26213.7793,0.049,2026-05-06 08:08:00+00:00,10441.7305,-0.045,2026-05-06 15:29:00+00:00,102.16,0.0,2026-05-06 17:20:00+00:00,94.61,0.011,2026-05-06 16:51:00+00:00,17.12,0.0,2026-05-06 17:15:00+00:00,24339.3008,-0.014,2026-05-06 09:59:00+00:00,98.01,-0.004,2026-05-06 17:20:00+00:00,4.354,-0.046,2026-05-06 17:15:00+00:00
2026-05-06 23:15:54 IST,7342.6401,0.005,2026-05-06 17:45:00+00:00,49800.0586,0.025,2026-05-06 17:44:00+00:00,25738.8496,-0.015,2026-05-06 17:45:00+00:00,59509.5586,0.0,2026-05-01 06:29:00+00:00,26213.7793,0.049,2026-05-06 08:08:00+00:00,10441.7305,-0.045,2026-05-06 15:29:00+00:00,101.7,0.02,2026-05-06 17:35:00+00:00,94.61,0.011,2026-05-06 16:51:00+00:00,17.09,-0.175,2026-05-06 17:30:00+00:00,24339.3008,-0.014,2026-05-06 09:59:00+00:00,98.044,0.013,2026-05-06 17:35:00+00:00,4.35,0.0,2026-05-06 17:30:00+00:00
2026-05-06 23:31:38 IST,7345.3301,0.01,2026-05-06 18:00:00+00:00,49854.9609,0.014,2026-05-06 18:00:00+00:00,25739.3164,0.007,2026-05-06 18:01:00+00:00,59509.5586,0.0,2026-05-01 06:29:00+00:00,26213.7793,0.049,2026-05-06 08:08:00+00:00,10441.7305,-0.045,2026-05-06 15:29:00+00:00,101.6,0.02,2026-05-06 17:51:00+00:00,94.6,0.0,2026-05-06 17:58:00+00:00,17.02,0.059,2026-05-06 17:46:00+00:00,24339.3008,-0.014,2026-05-06 09:59:00+00:00,98.061,-0.003,2026-05-06 17:51:00+00:00,4.348,0.0,2026-05-06 17:46:00+00:00
2026-05-06 23:45:47 IST,7350.2002,0.027,2026-05-06 18:15:00+00:00,49892.7695,0.035,2026-05-06 18:15:00+00:00,25762.6992,0.024,2026-05-06 18:15:00+00:00,59509.5586,0.0,2026-05-01 06:29:00+00:00,26213.7793,0.049,2026-05-06 08:08:00+00:00,10441.7305,-0.045,2026-05-06 15:29:00+00:00,101.32,-0.197,2026-05-06 18:05:00+00:00,94.6,0.0,2026-05-06 17:58:00+00:00,17.0,0.0,2026-05-06 18:00:00+00:00,24339.3008,-0.014,2026-05-06 09:59:00+00:00,98.039,-0.012,2026-05-06 18:05:00+00:00,4.354,0.0,2026-05-06 18:00:00+00:00
